id,kurs_tamamlama_durumu,kursa_katilim_gun_sayisi,CP_c12,CP_c13
65179021,Yes,53.0,,
66303027,Yes,30.0,,
65480022,Yes,60.0,,
65883011,,,,
65358095,,,,
65987029,No,,,
65211016,,,,
64174026,Yes,52.0,,
64247004,,,,
64431034,Yes,27.0,,
64260050,Yes,59.0,,
67577017,,,,
64336029,Yes,31.0,,
68096024,No,,,
64282012,,,,
64248020,,,,
63066001,,,,
65883006,,,,
68304029,,,,
67460001,,,,
65753047,Yes,66.0,,
65232026,No,3.0,,
64358019,Yes,87.0,,
68444041,Yes,33.0,,
66809047,Yes,80.0,,
65496025,No,2.0,,
65753021,,,,
65240094,Yes,24.0,,
65984004,,,,
68304077,No,,,
64236013,No,,,
60409017,,,,
65753013,,,,
64356015,,,,
66542020,,,,
64329038,Yes,31.0,,
65358070,,,,
64264013,,,,
68301025,Yes,53.0,,
64353028,Yes,31.0,,
66922049,No,,,
66264018,No,,,
65473016,Yes,32.0,,
65883012,,,,
64373029,Yes,43.0,,
68444002,,,,
64264010,,,,
68441017,,,,
67034026,,,,
65232013,No,2.0,,
68405035,Yes,78.0,,
64067029,Yes,32.0,,
65358123,Yes,61.0,,
65984075,Yes,93.0,,
64353024,Yes,33.0,,
64329018,,,,
66891011,,,,
64283010,,,,
66922027,,,,
64298042,Yes,,,
68304020,,,,
66542031,Yes,20.0,,
64244027,Yes,77.0,,
68302009,,,,
60983015,,,,
67289043,Yes,60.0,,
67289022,,,,
67845027,Yes,56.0,,
62617027,Yes,30.0,,
68405034,Yes,78.0,,
67683031,Yes,31.0,,
65984057,,,,
65240058,,,,
65211001,,,,
64357003,,,,
64344008,,,,
67573045,No,,,
68233024,,,,
64346015,,,,
65211017,,,,
68119020,Yes,27.0,,
68441045,Yes,88.0,,
65988019,,,,
64329036,No,15.0,,
64364024,Yes,64.0,,
64336041,Yes,31.0,,
66837006,,,,
65473008,,,,
66837006,,,,
65211035,Yes,25.0,,
65293028,Yes,28.0,,
67460003,,,,
64186021,,,,
66837006,,,,
64264028,No,,,
67034008,,,,
65476040,No,61.0,,
67032038,,,,
66891030,Yes,86.0,,
64260039,No,28.0,,
65481022,Yes,59.0,,
67407032,Yes,88.0,,
67803009,,,,
64344038,No,,,
65240018,,,,
65358015,,,,
68441024,,,,
67034068,Yes,58.0,,
65473018,No,,,
67034012,,,,
68158017,,,,
65687001,,,,
64347004,,,,
65042022,,,,
64300035,No,76.0,,
64068047,Yes,32.0,,
68097047,Yes,60.0,,
67034063,Yes,60.0,,
65294020,,,,
68097048,Yes,60.0,,
65293012,,,,
68402050,Yes,48.0,,
65496012,,,,
64284027,No,,,
68097074,Yes,60.0,,
65496001,,,,
67803047,No,,,
65358058,,,,
65179016,,,,
64297045,Yes,48.0,,
64262044,Yes,57.0,,
65986018,No,,,
64343010,,,,
68441030,Yes,90.0,,
64236006,Yes,105.0,,
65240104,No,,,
64337021,,,,
64361013,No,,,
68449032,Yes,28.0,,
67843047,Yes,,,
65358040,,,,
65294027,Yes,32.0,,
66264034,Yes,12.0,,
64344012,,,,
67407029,Yes,88.0,,
67803046,Yes,82.0,,
64298020,,,,
65358122,Yes,61.0,,
64282005,,,,
65883015,,,,
65883029,Yes,24.0,,
60929028,No,,,
64248016,,,,
67032045,Yes,50.0,,
65294035,Yes,33.0,,
64336033,Yes,31.0,,
66086033,Yes,101.0,,
68304041,,,,
67803012,,,,
67573015,,,,
65987008,,,,
64248029,Yes,31.0,,
64343036,No,17.0,,
67845036,Yes,56.0,,
64260007,,,,
65358099,,,,
67845047,Yes,57.0,,
67683019,,,,
68233006,,,,
68386023,,,,
64209041,Yes,94.0,,
64357009,,,,
64067006,,,,
64273009,,,,
65179005,,,,
64353017,,,,
65749003,,,,
68097027,,,,
67032063,Yes,47.0,,
68449006,,,,
65358021,,,,
67289079,No,2.0,,
65749035,Yes,127.0,,
65043028,Yes,36.0,,
64345001,,,,
67460040,Yes,80.0,,
66542001,,,,
65043012,,,,
65358134,Yes,61.0,,
67032058,Yes,50.0,,
64247039,Yes,81.0,,
68357049,Yes,53.0,,
65473023,Yes,32.0,,
68441026,Yes,83.0,,
64297034,Yes,48.0,,
67034017,,,,
67683027,Yes,,,
65434038,No,,,
67683001,,,,
68444035,No,,,
64346026,Yes,32.0,,
68097031,,,,
65687040,Yes,75.0,,
64297037,Yes,45.0,,
67032036,,,,
60929012,,,,
65687021,Yes,75.0,,
64364019,Yes,69.0,,
64244031,Yes,77.0,,
64337028,No,,,
64343027,No,,,
67826031,Yes,54.0,,
66891017,,,,
68096011,,,,
65481024,Yes,60.0,,
64263046,No,,,
64347017,No,,,
68304038,,,,
65749017,,,,
59026014,,,,
64354037,No,10.0,,
67845041,Yes,57.0,,
64346034,No,,,
67460031,No,51.0,,
66303017,Yes,30.0,,
66837006,,,,
68444045,Yes,37.0,,
64283020,,,,
67573016,,,,
67826050,Yes,58.0,,
64262024,,,,
66809034,Yes,79.0,,
66837020,,,,
67703002,,,,
64282016,,,,
65984049,,,,
64209013,,,,
64357075,No,,,
68449036,Yes,28.0,,
64364014,No,2.0,,
67289044,Yes,59.0,,
65984050,,,,
64263023,,,,
64209011,,,,
65043044,Yes,35.0,,
67289037,,,,
64346037,Yes,33.0,,
64357019,,,,
64283005,,,,
67799049,Yes,7.0,,
68304058,Yes,53.0,,
65358044,,,,
68402032,Yes,49.0,,
66922079,Yes,20.0,,
66837036,No,38.0,,
66382002,,,,
64298009,,,,
65358073,,,,
68405040,Yes,79.0,,
65436024,Yes,66.0,,
64209021,,,,
68444020,,,,
59026021,Yes,72.0,,
65497001,,,,
64262035,Yes,59.0,,
62617023,No,,,
66922011,,,,
67700041,Yes,7.0,,
64431033,Yes,25.0,,
67843040,Yes,,,
64263042,Yes,53.0,,
67034079,Yes,60.0,,
68441023,,,,
59026039,No,,,
64260042,Yes,59.0,,
68441013,,,,
67683047,Yes,30.0,,
66837006,,,,
64260012,,,,
67289045,Yes,60.0,,
64345013,No,,,
65240023,,,,
68301014,,,,
68405043,Yes,79.0,,
67034006,,,,
67289057,Yes,60.0,,
67703021,No,38.0,,
67786012,,,,
64264014,,,,
67579032,Yes,80.0,,
66837006,,,,
64295047,Yes,60.0,,
65883014,,,,
66922066,No,,,
64297026,Yes,45.0,,
66837006,,,,
65358176,No,,,
68357002,,,,
64273006,,,,
65986020,Yes,53.0,,
65883036,Yes,30.0,,
64174018,,,,
68402020,,,,
65436003,,,,
67289077,Yes,59.0,,
64356039,No,17.0,,
66451047,No,,,
64244040,No,,,
64337047,Yes,30.0,,
65434014,,,,
68441001,,,,
65461008,,,,
60983027,No,,,
67577035,Yes,79.0,,
64330034,Yes,29.0,,
64356025,Yes,27.0,,
64264030,Yes,68.0,,
64247009,,,,
65988030,Yes,53.0,,
65240031,,,,
60409031,No,,,
66891012,,,,
64329016,,,,
65358102,Yes,61.0,,
68233038,Yes,73.0,,
64357076,Yes,35.0,,
65984046,,,,
65687017,,,,
67842048,Yes,49.0,,
60929015,Yes,59.0,,
64247030,Yes,79.0,,
68158060,Yes,50.0,,
65179019,No,,,
66837027,Yes,73.0,,
64067023,,,,
64262012,,,,
67034048,Yes,58.0,,
67700044,Yes,48.0,,
68096006,,,,
65984058,,,,
63066037,No,5.0,,
68158025,,,,
67288024,No,,,
68357016,,,,
68402049,Yes,50.0,,
65984015,,,,
68449027,No,18.0,,
68357009,,,,
64352036,No,,,
65358080,,,,
64247020,,,,
67843031,Yes,,,
65497016,Yes,60.0,,
64283011,,,,
68158076,Yes,50.0,,
65987026,No,,,
67579004,,,,
64344019,,,,
65473028,Yes,32.0,,
67573041,No,33.0,,
67842037,Yes,53.0,,
67803044,Yes,88.0,,
68158038,,,,
65883019,,,,
65240082,Yes,25.0,,
65984102,Yes,93.0,,
68096008,,,,
65461004,,,,
64260043,Yes,58.0,,
67289055,No,,,
68386029,Yes,36.0,,
67786019,,,,
64337041,Yes,30.0,,
64329026,Yes,31.0,,
67700034,No,,,
67577010,,,,
67683020,,,,
67700035,No,4.0,,
64067002,,,,
68096038,Yes,59.0,,
64431007,,,,
67826023,,,,
66922054,Yes,20.0,,
64338028,Yes,34.0,,
65497007,,,,
68386012,,,,
67786040,Yes,38.0,,
68357041,Yes,53.0,,
65211023,Yes,24.0,,
67289007,,,,
64298044,No,65.0,,
68405017,,,,
68302041,Yes,33.0,,
64247026,Yes,81.0,,
65240049,,,,
66922059,Yes,20.0,,
68302043,Yes,33.0,,
64345019,Yes,34.0,,
60409013,,,,
68357022,,,,
65358082,,,,
64186015,,,,
66837006,,,,
66837006,,,,
64300004,,,,
62617026,No,,,
65240087,Yes,25.0,,
65042042,Yes,64.0,,
67700037,No,4.0,,
66809029,Yes,80.0,,
68441028,Yes,89.0,,
64431028,,,,
65986019,Yes,53.0,,
67703008,,,,
66922058,Yes,20.0,,
65687020,,,,
65179024,Yes,53.0,,
64345022,Yes,35.0,,
64364004,,,,
64186035,Yes,57.0,,
67573039,No,,,
64298035,Yes,96.0,,
66303023,Yes,30.0,,
65358063,,,,
65358096,,,,
65358045,,,,
64372020,Yes,68.0,,
65480007,,,,
67683030,Yes,,,
64209026,Yes,99.0,,
65987003,,,,
65984027,,,,
68097075,Yes,60.0,,
68304014,,,,
65358178,Yes,61.0,,
64329030,Yes,30.0,,
61177026,Yes,25.0,,
65984070,Yes,93.0,,
64068026,Yes,32.0,,
62617028,Yes,30.0,,
64284028,Yes,26.0,,
66809004,,,,
67407018,,,,
66837006,,,,
64337022,,,,
64283017,,,,
65293035,Yes,30.0,,
64186016,,,,
67032030,,,,
68402027,Yes,48.0,,
65179018,Yes,51.0,,
65358077,,,,
64263040,Yes,53.0,,
64260038,Yes,59.0,,
64244036,No,,,
65436022,Yes,66.0,,
67034030,,,,
65240073,No,,,
64260013,,,,
64352009,,,,
65358108,Yes,61.0,,
68441032,Yes,88.0,,
64353011,,,,
66809012,,,,
66837006,,,,
66809001,,,,
65882002,,,,
64358026,Yes,86.0,,
68405047,No,25.0,,
64264039,Yes,72.0,,
64364016,No,,,
65358100,,,,
65987033,Yes,53.0,,
64431035,No,11.0,,
67826035,Yes,59.0,,
65496016,Yes,56.0,,
64281019,,,,
65043022,,,,
59026005,,,,
64067034,Yes,32.0,,
65461002,,,,
64336010,,,,
65240112,Yes,27.0,,
64431041,Yes,22.0,,
65753048,Yes,65.0,,
64353035,Yes,33.0,,
64273002,,,,
65240022,,,,
67799031,Yes,7.0,,
64295034,Yes,56.0,,
65480005,,,,
64346030,Yes,30.0,,
64262023,,,,
65753008,,,,
67460011,,,,
64357004,,,,
64343017,,,,
67032004,,,,
65211018,,,,
65434037,Yes,100.0,,
65434010,,,,
68097076,No,,,
65436029,Yes,65.0,,
66922028,,,,
65882031,Yes,23.0,,
64354022,Yes,31.0,,
64068013,,,,
65294007,,,,
68405013,,,,
66264008,,,,
65988005,,,,
64186032,No,,,
66837006,,,,
65686006,,,,
64330033,No,,,
65984005,,,,
63066046,No,,,
64264021,Yes,73.0,,
68444034,Yes,37.0,,
67843025,,,,
68302038,No,,,
61177030,No,,,
64298017,,,,
64186047,No,7.0,,
68386005,,,,
59026020,,,,
67843039,Yes,,,
67843016,,,,
66264004,,,,
68158077,No,,,
65436013,,,,
64260028,No,,,
64330021,Yes,28.0,,
67573026,Yes,80.0,,
68304060,Yes,53.0,,
64344011,,,,
65480030,Yes,59.0,,
68444003,,,,
65480026,Yes,58.0,,
60929018,Yes,59.0,,
65686037,Yes,74.0,,
60983021,Yes,57.0,,
59026009,,,,
64338016,,,,
64338026,Yes,32.0,,
66837006,,,,
63066008,,,,
62617020,Yes,30.0,,
64330036,Yes,26.0,,
65240090,Yes,27.0,,
68097014,,,,
64244010,Yes,64.0,,
67034060,Yes,60.0,,
67032049,Yes,48.0,,
60983030,Yes,59.0,,
65493047,No,90.0,,
65882033,Yes,23.0,,
64282004,,,,
64336009,,,,
66837006,,,,
64067048,Yes,32.0,,
64352018,,,,
67577031,Yes,79.0,,
64431052,Yes,27.0,,
68233002,Yes,70.0,,
64295029,Yes,58.0,,
67573003,,,,
64209035,Yes,98.0,,
64263019,,,,
65434032,Yes,99.0,,
64343029,Yes,32.0,,
68304052,Yes,53.0,,
68357039,Yes,53.0,,
64297003,,,,
65358068,,,,
66451031,Yes,100.0,,
67805017,Yes,22.0,,
66891040,Yes,92.0,,
64373033,Yes,41.0,,
64343021,No,1.0,,
64264018,,,,
66922042,No,,,
64282028,Yes,35.0,,
65753045,Yes,65.0,,
67460049,Yes,80.0,,
64297002,,,,
64186044,Yes,56.0,,
65043023,,,,
66922008,,,,
65358067,,,,
65240077,Yes,27.0,,
65358098,,,,
67683037,Yes,,,
68304081,Yes,53.0,,
67845032,Yes,57.0,,
64347009,,,,
64431010,,,,
64336046,No,,,
65211031,Yes,25.0,,
67845024,,,,
65883007,,,,
65493016,,,,
64354027,Yes,27.0,,
65459025,Yes,52.0,,
68158036,,,,
65496013,,,,
67683038,Yes,31.0,,
68233005,,,,
67034069,No,,,
65434025,No,5.0,,
64352039,Yes,31.0,,
64244001,Yes,68.0,,
67683050,Yes,31.0,,
68444004,,,,
65987006,,,,
65493020,,,,
65461029,Yes,13.0,,
68304031,,,,
65358156,Yes,61.0,,
65232007,,,,
68444047,Yes,37.0,,
65240118,No,,,
67683002,,,,
67577047,No,,,
64263050,Yes,53.0,,
68444033,No,,,
65984060,,,,
66837042,Yes,80.0,,
66809049,Yes,78.0,,
64358002,,,,
65883020,,,,
64357090,Yes,35.0,,
64186026,Yes,53.0,,
64357066,Yes,35.0,,
67577036,Yes,79.0,,
64357061,No,,,
68386019,,,,
64337043,Yes,29.0,,
67034080,Yes,59.0,,
68158018,,,,
68158007,,,,
67786025,,,,
67577041,No,,,
67032028,,,,
67700017,,,,
65476031,No,,,
64352030,Yes,31.0,,
65687012,,,,
65883027,Yes,28.0,,
64336013,,,,
66837033,Yes,80.0,,
64336001,,,,
64295038,Yes,55.0,,
67579016,,,,
64357049,,,,
64297033,Yes,45.0,,
66451048,Yes,100.0,,
67289009,,,,
65883032,Yes,30.0,,
68449047,Yes,28.0,,
64247016,,,,
68402011,,,,
65294005,,,,
65179027,Yes,52.0,,
65480017,No,,,
64186017,,,,
67460041,Yes,80.0,,
65986004,,,,
68158019,,,,
64296046,Yes,55.0,,
67826020,,,,
66382038,No,,,
68304088,Yes,53.0,,
65686004,,,,
61177033,Yes,25.0,,
68444014,,,,
64248010,,,,
65043009,,,,
66837006,,,,
65753034,Yes,63.0,,
64273001,,,,
64338020,,,,
67460016,,,,
65493040,Yes,123.0,,
64353038,Yes,33.0,,
64354025,No,20.0,,
65749001,,,,
65882011,,,,
60984023,No,,,
66451023,,,,
64282013,,,,
65240111,Yes,26.0,,
64283039,No,,,
64283035,No,,,
64361008,,,,
65294022,Yes,33.0,,
65481013,,,,
65211019,Yes,25.0,,
65749023,Yes,122.0,,
64354014,,,,
64281030,No,,,
67683003,,,,
68119024,Yes,27.0,,
68402001,,,,
65497023,Yes,58.0,,
65358048,,,,
67034072,Yes,58.0,,
65753049,Yes,64.0,,
64345012,,,,
64209009,,,,
65461009,,,,
68302021,,,,
65232012,Yes,52.0,,
68357005,,,,
66891001,,,,
67032029,,,,
64068015,,,,
64346039,Yes,35.0,,
64344016,,,,
64329010,,,,
66922033,,,,
66891020,,,,
65474024,Yes,58.0,,
65497019,Yes,55.0,,
65240059,,,,
59026030,Yes,73.0,,
68097054,Yes,60.0,,
64295011,,,,
66542025,Yes,20.0,,
65358149,Yes,61.0,,
67799050,Yes,7.0,,
68302032,,,,
64282003,,,,
67034054,Yes,60.0,,
67843042,Yes,,,
64298028,Yes,,,
64358020,No,,,
67803027,Yes,83.0,,
64295044,Yes,60.0,,
67573005,,,,
65240117,Yes,26.0,,
60983004,,,,
68096037,No,,,
65984008,,,,
68402028,Yes,50.0,,
65496014,,,,
63066011,,,,
66922076,Yes,20.0,,
65481015,,,,
66451006,,,,
65986016,,,,
65293034,Yes,30.0,,
64282026,No,,,
65686040,Yes,75.0,,
64431031,Yes,25.0,,
68233040,Yes,67.0,,
66303013,,,,
68386014,,,,
64337015,,,,
64344041,Yes,29.0,,
68119019,Yes,27.0,,
64260011,,,,
60409024,,,,
67032050,Yes,50.0,,
65480006,,,,
61177031,Yes,25.0,,
64281030,No,,,
67826010,,,,
68302052,Yes,33.0,,
65240066,Yes,27.0,,
68119025,Yes,27.0,,
68097016,,,,
66382009,,,,
64296021,,,,
65686017,,,,
66809042,No,,,
66303002,,,,
64353019,,,,
64298024,,,,
60983026,No,,,
64353008,,,,
64283002,,,,
68233036,Yes,71.0,,
64298014,,,,
68097038,,,,
68233032,Yes,43.0,,
68119023,Yes,27.0,,
68357010,,,,
67683010,,,,
65042041,Yes,64.0,,
68386049,Yes,36.0,,
64361009,,,,
64295010,,,,
66542012,,,,
64346025,Yes,35.0,,
67032018,,,,
67700039,Yes,48.0,,
68304019,,,,
67842034,Yes,54.0,,
66451037,No,,,
68097052,Yes,60.0,,
65436011,,,,
68302029,,,,
64298045,Yes,96.0,,
65293003,,,,
64356012,,,,
65686001,,,,
65240028,,,,
68304075,Yes,53.0,,
67573014,,,,
64248023,Yes,32.0,,
65687038,Yes,74.0,,
64174033,Yes,55.0,,
64282037,Yes,35.0,,
65986024,No,14.0,,
65476034,Yes,95.0,,
65358059,,,,
68158049,Yes,50.0,,
65358069,,,,
67034011,,,,
64247008,,,,
67700029,Yes,48.0,,
67703013,,,,
68158032,,,,
64262003,,,,
67289065,Yes,60.0,,
67289066,No,,,
64347019,No,,,
65461010,,,,
68357019,,,,
64373010,,,,
68302057,Yes,33.0,,
68405049,Yes,79.0,,
67289042,Yes,60.0,,
64346017,,,,
64357098,No,,,
64068020,,,,
68386022,,,,
64352037,No,13.0,,
64336032,Yes,31.0,,
67803005,,,,
68232014,,,,
68301002,,,,
64336017,,,,
67845050,Yes,,,
67845045,Yes,57.0,,
65476026,Yes,95.0,,
68449003,,,,
65358088,,,,
66303025,Yes,30.0,,
64344029,No,,,
65476004,,,,
67577039,Yes,79.0,,
66086028,Yes,111.0,,
68386016,,,,
64244023,Yes,78.0,,
64263027,Yes,52.0,,
67803015,,,,
66837006,,,,
65294031,Yes,33.0,,
68232001,,,,
64262045,Yes,51.0,,
64352029,Yes,31.0,,
60984024,Yes,,,
68096031,Yes,53.0,,
64296049,Yes,52.0,,
64356009,,,,
68444022,,,,
68304061,Yes,53.0,,
68233043,,,,
65211028,Yes,25.0,,
68405044,No,,,
64262041,No,,,
68097040,,,,
68386011,,,,
64345010,,,,
68233009,,,,
68097068,No,,,
67845017,,,,
65459007,,,,
64248030,Yes,32.0,,
64283034,No,,,
66542026,Yes,19.0,,
65496010,,,,
68119012,,,,
67683032,Yes,31.0,,
65461003,,,,
65749020,,,,
67842030,No,,,
65293017,,,,
60929026,Yes,58.0,,
65436030,Yes,65.0,,
65240056,,,,
67289012,,,,
65358117,Yes,61.0,,
65293024,Yes,29.0,,
63066031,No,41.0,,
68386017,,,,
66809044,Yes,76.0,,
67032026,,,,
64209004,,,,
66542027,Yes,20.0,,
64336040,Yes,31.0,,
66837040,No,,,
66382019,,,,
67579015,,,,
65358125,Yes,61.0,,
64281033,Yes,78.0,,
65984025,,,,
64356005,,,,
64356040,Yes,28.0,,
65988033,Yes,53.0,,
65984085,No,,,
65358165,No,,,
65481029,Yes,58.0,,
68097033,,,,
65358143,Yes,61.0,,
65753035,Yes,55.0,,
68304071,Yes,53.0,,
64352008,,,,
67786036,No,6.0,,
68402022,,,,
63066034,No,,,
66086041,Yes,103.0,,
64067033,Yes,32.0,,
67700036,Yes,47.0,,
65211005,,,,
62617011,,,,
64347018,No,,,
64273025,Yes,33.0,,
68402030,Yes,50.0,,
65358006,,,,
65211015,,,,
64244021,No,,,
61177021,Yes,24.0,,
67407013,,,,
64296022,,,,
67799016,,,,
65358190,Yes,61.0,,
64296045,Yes,56.0,,
64346028,Yes,32.0,,
67573025,,,,
68405009,,,,
67460018,,,,
65240101,No,,,
64346014,,,,
64358005,,,,
68357047,Yes,53.0,,
60983008,,,,
64296007,,,,
67577012,,,,
64431013,,,,
68304076,Yes,53.0,,
66542008,,,,
67845039,Yes,57.0,,
67034023,,,,
64260048,Yes,59.0,,
68301042,Yes,53.0,,
65687035,Yes,75.0,,
65043050,Yes,36.0,,
64263047,Yes,52.0,,
64392012,,,,
64236008,,,,
64296042,Yes,55.0,,
65358106,No,,,
65211027,Yes,24.0,,
66837006,,,,
65043026,Yes,36.0,,
67842033,No,45.0,,
68444007,,,,
67407046,Yes,88.0,,
64264031,No,3.0,,
68302020,,,,
65988001,,,,
68449048,Yes,28.0,,
68119006,,,,
64282032,Yes,34.0,,
68304084,Yes,53.0,,
66837006,,,,
66809023,,,,
64262046,Yes,58.0,,
64209030,Yes,93.0,,
67843008,,,,
64247028,Yes,80.0,,
65987034,Yes,53.0,,
66264013,,,,
68119022,Yes,27.0,,
65686022,No,,,
60984020,No,,,
64263041,Yes,53.0,,
67460023,,,,
66382011,,,,
67032064,Yes,50.0,,
63066036,Yes,55.0,,
64431024,,,,
64068016,,,,
65436006,,,,
67799040,Yes,7.0,,
65358175,No,,,
67799013,,,,
65986017,,,,
68444037,Yes,37.0,,
64247031,Yes,79.0,,
64337023,,,,
68386015,,,,
66542004,,,,
67683046,Yes,,,
65497011,,,,
67579033,No,,,
64263005,,,,
65753025,,,,
66837006,,,,
65474006,,,,
65461013,,,,
65480011,,,,
65459005,,,,
65984047,,,,
68302017,,,,
64352010,,,,
68405026,Yes,77.0,,
65988002,,,,
63066006,,,,
64174005,,,,
65984107,Yes,93.0,,
66891028,Yes,92.0,,
65753022,,,,
66264019,No,,,
68357030,Yes,53.0,,
64373030,Yes,46.0,,
64067046,Yes,32.0,,
66542029,Yes,20.0,,
64431038,Yes,27.0,,
65358014,,,,
65496007,,,,
64297009,Yes,47.0,,
65988021,,,,
66837006,,,,
65988029,Yes,53.0,,
65986021,Yes,53.0,,
67803035,Yes,85.0,,
68096040,Yes,57.0,,
64352019,,,,
65753009,,,,
66451026,Yes,99.0,,
66837006,,,,
67826012,,,,
64373004,,,,
68405037,Yes,79.0,,
64372023,Yes,67.0,,
67826036,No,,,
64336024,,,,
66891027,No,6.0,,
68304046,,,,
65497009,,,,
64373037,No,13.0,,
65687014,,,,
68357042,Yes,53.0,,
66891034,No,,,
64431002,,,,
67579020,,,,
65459009,,,,
68096022,Yes,57.0,,
67288001,,,,
65984117,Yes,93.0,,
66837006,,,,
65434030,No,,,
64343024,Yes,32.0,,
66382010,,,,
67032046,Yes,50.0,,
67799047,Yes,7.0,,
67700049,Yes,48.0,,
65293033,Yes,30.0,,
64262022,,,,
65358041,,,,
67289035,,,,
65984109,Yes,93.0,,
64263036,Yes,53.0,,
64330020,,,,
67826022,,,,
67579023,,,,
66382041,No,,,
64281031,Yes,77.0,,
64209031,Yes,99.0,,
64281003,,,,
65882008,,,,
68158034,,,,
64337012,,,,
66837006,,,,
64352031,Yes,31.0,,
64281030,No,,,
64357065,Yes,35.0,,
64284005,,,,
65042037,Yes,64.0,,
67034035,,,,
66837041,Yes,80.0,,
67803043,Yes,88.0,,
65988038,Yes,54.0,,
64273028,Yes,33.0,,
64352023,Yes,30.0,,
64337020,,,,
66837006,,,,
64329014,,,,
61177034,Yes,23.0,,
66303029,Yes,30.0,,
65987024,Yes,53.0,,
67843033,Yes,,,
67289023,,,,
65984066,Yes,93.0,,
68405027,Yes,80.0,,
61177023,No,,,
63066050,No,,,
68449010,,,,
64295021,,,,
64336026,Yes,30.0,,
68302040,Yes,33.0,,
65294015,,,,
68449033,Yes,28.0,,
64392022,No,6.0,,
65240089,Yes,27.0,,
60983007,,,,
66891039,No,8.0,,
60984018,Yes,,,
64358013,,,,
65988042,Yes,53.0,,
64262011,,,,
66837006,,,,
68302055,Yes,33.0,,
64392024,Yes,64.0,,
64068038,Yes,32.0,,
60409043,Yes,55.0,,
65240035,,,,
66922080,Yes,20.0,,
68232023,,,,
60409022,,,,
64067036,Yes,32.0,,
65294006,,,,
63066038,No,,,
67805008,,,,
64260044,Yes,59.0,,
65986010,,,,
67799037,Yes,7.0,,
64244012,Yes,68.0,,
64300030,Yes,97.0,,
65240037,,,,
66891045,No,,,
65984041,,,,
65882014,,,,
65882034,Yes,23.0,,
64174009,,,,
65294037,Yes,31.0,,
68158003,,,,
65481023,No,,,
66382046,Yes,93.0,,
65753005,,,,
67842036,Yes,54.0,,
61177036,Yes,25.0,,
68119004,,,,
64357070,Yes,35.0,,
65240068,Yes,27.0,,
66809031,No,,,
64273003,,,,
67573019,,,,
67034058,Yes,59.0,,
65987017,,,,
64344033,Yes,29.0,,
64353010,,,,
65459017,No,33.0,,
67289068,Yes,60.0,,
64263021,,,,
66303021,Yes,30.0,,
64336025,,,,
68449046,No,,,
60409035,Yes,60.0,,
68449035,Yes,27.0,,
67034076,Yes,59.0,,
66922072,Yes,20.0,,
64282034,No,,,
65984096,Yes,93.0,,
64264024,No,,,
67460042,Yes,80.0,,
64431026,,,,
65042012,,,,
64431047,No,,,
67032079,Yes,50.0,,
64236005,,,,
65240039,,,,
64273004,,,,
59026011,,,,
65474026,Yes,59.0,,
64298032,Yes,,,
65987014,,,,
64067012,,,,
68301005,,,,
67032065,Yes,50.0,,
67842002,,,,
64330023,Yes,29.0,,
67573046,No,,,
64431044,Yes,27.0,,
66303024,Yes,30.0,,
65984120,Yes,93.0,,
64392011,,,,
64283007,,,,
64296019,,,,
65986026,Yes,53.0,,
66303019,No,23.0,,
68097035,,,,
64298034,No,29.0,,
68097063,Yes,60.0,,
64174011,Yes,52.0,,
67683014,,,,
65984108,Yes,93.0,,
66837006,,,,
68441042,Yes,84.0,,
68096002,,,,
64336050,Yes,28.0,,
65434023,Yes,99.0,,
64357081,Yes,35.0,,
65043001,,,,
65476044,No,11.0,,
66264021,Yes,12.0,,
64264005,,,,
68158070,No,,,
65749009,,,,
64186006,,,,
65984020,,,,
68402008,,,,
66837011,,,,
64283013,,,,
66891044,Yes,88.0,,
60984014,Yes,,,
64284026,No,,,
64264001,,,,
64068019,,,,
66542010,,,,
68302007,,,,
65358177,Yes,61.0,,
64353030,Yes,33.0,,
64262047,Yes,57.0,,
65497017,No,11.0,,
66837006,,,,
66809041,Yes,75.0,,
67407005,,,,
67826018,,,,
64262020,,,,
66922060,Yes,20.0,,
64361020,Yes,52.0,,
66837006,,,,
64068040,Yes,32.0,,
66086035,Yes,105.0,,
65497025,Yes,56.0,,
64330010,,,,
64357015,,,,
65497028,Yes,58.0,,
65987032,Yes,53.0,,
65753015,,,,
64356028,No,,,
64392006,,,,
67700030,Yes,8.0,,
67579026,Yes,80.0,,
65042004,,,,
65493028,Yes,126.0,,
68402042,Yes,47.0,,
65358185,Yes,61.0,,
68119032,Yes,27.0,,
65459030,Yes,52.0,,
64352014,,,,
68302053,Yes,33.0,,
65436018,Yes,66.0,,
65358196,Yes,61.0,,
67577019,,,,
67032075,Yes,50.0,,
66891029,Yes,89.0,,
64347014,Yes,75.0,,
61177004,,,,
67289017,,,,
64244029,Yes,74.0,,
64354001,,,,
64067004,,,,
64361001,Yes,51.0,,
64281030,No,,,
60984019,Yes,,,
64330027,Yes,29.0,,
65481021,Yes,60.0,,
67799033,Yes,7.0,,
64373012,,,,
65882039,Yes,23.0,,
65293014,,,,
68444010,,,,
65749038,No,,,
64352035,Yes,32.0,,
64346004,,,,
67683012,,,,
66451007,,,,
64296036,Yes,52.0,,
65984098,No,,,
59026024,No,,,
66451028,Yes,95.0,,
64067042,Yes,32.0,,
66086008,,,,
65749039,Yes,118.0,,
64330037,Yes,28.0,,
65883034,No,,,
64354036,Yes,29.0,,
64346008,,,,
66382040,No,,,
67034013,,,,
60409002,,,,
67843009,,,,
65240069,No,,,
65493018,,,,
60929016,No,,,
67034049,Yes,60.0,,
65043007,,,,
65179007,,,,
64067022,,,,
68304005,,,,
60409012,,,,
64067041,Yes,32.0,,
68304065,Yes,53.0,,
65686003,,,,
64281038,Yes,80.0,,
65984084,No,17.0,,
67845026,Yes,57.0,,
66382033,Yes,91.0,,
67289008,,,,
64330008,,,,
64264029,Yes,67.0,,
60984010,,,,
65358027,,,,
66809010,,,,
59026016,,,,
64263003,,,,
68386008,,,,
65459013,,,,
65232015,No,,,
64354039,Yes,29.0,,
65461028,Yes,15.0,,
68402034,Yes,49.0,,
67289076,Yes,60.0,,
60409028,Yes,59.0,,
65042027,Yes,64.0,,
68386043,Yes,35.0,,
68119005,,,,
64358003,,,,
67577033,No,5.0,,
65240099,Yes,25.0,,
65240044,,,,
65753001,,,,
60984017,No,,,
64338040,Yes,35.0,,
64297030,No,,,
65358189,No,,,
65240013,,,,
68304032,,,,
67845030,Yes,57.0,,
64283024,Yes,34.0,,
65358053,,,,
67289048,Yes,60.0,,
64186022,,,,
64392004,,,,
67579017,,,,
66837037,Yes,80.0,,
64358024,No,,,
64346010,,,,
68444019,,,,
64392002,,,,
64300039,Yes,90.0,,
67460043,Yes,80.0,,
64364023,Yes,69.0,,
64300033,No,24.0,,
64345015,Yes,34.0,,
64281030,No,,,
67288015,,,,
64297012,,,,
67032020,,,,
64186011,Yes,55.0,,
64336045,Yes,30.0,,
65984086,Yes,93.0,,
67683036,Yes,31.0,,
64431004,,,,
66809016,,,,
67700031,Yes,47.0,,
65480024,Yes,60.0,,
65434012,,,,
64356018,,,,
65480025,Yes,59.0,,
66922032,,,,
67288023,Yes,24.0,,
64356001,,,,
68441034,Yes,89.0,,
64329040,No,13.0,,
65358192,Yes,61.0,,
65476016,,,,
68449038,Yes,27.0,,
64283027,Yes,34.0,,
65240064,Yes,27.0,,
65179026,Yes,51.0,,
67460002,,,,
65358066,,,,
64297038,Yes,44.0,,
64244015,,,,
65749019,,,,
64356034,No,1.0,,
65434027,Yes,100.0,,
66837050,Yes,80.0,,
67579047,No,,,
65042030,Yes,64.0,,
64298029,Yes,,,
67034045,Yes,60.0,,
67803007,,,,
65358142,Yes,61.0,,
68304002,,,,
67843043,No,,,
67289080,No,14.0,,
60983028,Yes,57.0,,
64357012,,,,
67826005,,,,
67799010,,,,
60409030,Yes,59.0,,
64186020,,,,
67803040,No,44.0,,
67786042,Yes,37.0,,
65984024,,,,
62617017,Yes,30.0,,
66809025,,,,
65358010,,,,
67577025,,,,
67407010,,,,
67826043,,,,
68441015,,,,
65480019,Yes,57.0,,
65497027,Yes,56.0,,
64247035,Yes,79.0,,
65984097,Yes,93.0,,
67407028,Yes,88.0,,
67683040,Yes,31.0,,
65883017,,,,
64262042,Yes,59.0,,
65240085,Yes,21.0,,
65984061,Yes,93.0,,
67032078,No,,,
64263012,,,,
65480008,,,,
64361014,Yes,52.0,,
68304085,No,,,
65984101,Yes,93.0,,
66382022,,,,
66451039,Yes,92.0,,
68449015,,,,
68386040,No,,,
65434006,,,,
66451019,,,,
64296024,,,,
64297036,Yes,48.0,,
65240004,,,,
64298036,No,,,
68158013,,,,
64346007,,,,
64300016,,,,
68441021,,,,
63066015,,,,
65476018,,,,
68097041,Yes,60.0,,
67573047,No,,,
65476024,,,,
64338030,Yes,33.0,,
68405003,,,,
68301023,Yes,53.0,,
65043005,,,,
67579031,No,,,
66837006,,,,
64431030,,,,
65749025,No,,,
67289070,No,,,
65984072,Yes,93.0,,
64344023,Yes,32.0,,
65294023,Yes,33.0,,
64364002,,,,
68304096,Yes,53.0,,
68304043,,,,
65882007,,,,
65987039,No,,,
64284009,,,,
65988033,Yes,53.0,,
64284010,,,,
65753041,Yes,61.0,,
66837029,No,,,
65493023,,,,
64358021,No,,,
64283001,,,,
64338038,Yes,32.0,,
67579043,No,,,
64372018,Yes,65.0,,
67803016,,,,
64282017,,,,
60929004,,,,
66451004,,,,
64330015,,,,
64352034,Yes,32.0,,
64431057,Yes,27.0,,
68405016,,,,
65474013,,,,
67683044,Yes,31.0,,
66837030,No,,,
64338015,,,,
65497024,No,43.0,,
65043008,,,,
67843041,Yes,,,
65476019,,,,
68304017,,,,
67032052,Yes,49.0,,
64353032,Yes,32.0,,
65211030,Yes,22.0,,
67289050,Yes,60.0,,
66922005,,,,
64247034,Yes,81.0,,
68097036,,,,
64248027,No,,,
68304010,,,,
66891047,No,,,
65294008,,,,
65240032,,,,
67579045,No,,,
64300025,Yes,97.0,,
65179008,,,,
64431045,Yes,27.0,,
67579005,,,,
64357080,No,,,
64281011,,,,
65497015,,,,
67826021,,,,
64260047,Yes,58.0,,
65240110,Yes,26.0,,
65496030,Yes,60.0,,
60409047,Yes,58.0,,
64357045,,,,
65476014,,,,
65882026,Yes,23.0,,
65179015,,,,
65687013,,,,
66809030,No,,,
65883003,,,,
65232001,,,,
64068043,Yes,32.0,,
65358101,Yes,61.0,,
67826008,,,,
67407048,Yes,83.0,,
64354030,No,6.0,,
66809037,Yes,69.0,,
64262037,Yes,58.0,,
65436027,Yes,64.0,,
64068027,Yes,32.0,,
64282029,Yes,34.0,,
67034021,,,,
60929001,,,,
66891007,,,,
65294038,Yes,31.0,,
66891008,,,,
64068044,Yes,32.0,,
65474018,Yes,59.0,,
67579025,,,,
64186012,,,,
66382031,No,10.0,,
67843007,,,,
64346011,,,,
66451043,No,,,
65358024,,,,
65240001,,,,
65434039,Yes,100.0,,
65358193,Yes,61.0,,
64338027,Yes,35.0,,
67034010,,,,
66837007,,,,
67577026,Yes,79.0,,
64300034,No,47.0,,
65882032,Yes,23.0,,
68386009,,,,
67700016,,,,
67289039,,,,
67034044,Yes,56.0,,
65179013,,,,
64353025,Yes,33.0,,
65043047,Yes,36.0,,
64263044,Yes,53.0,,
65240083,No,,,
65294025,Yes,32.0,,
64263018,,,,
65496018,Yes,56.0,,
68386027,Yes,36.0,,
65240061,Yes,27.0,,
66382037,Yes,95.0,,
64337038,Yes,28.0,,
64247037,Yes,80.0,,
68444027,No,,,
65461005,,,,
64244022,Yes,76.0,,
67826011,,,,
66451015,,,,
64298007,,,,
60983017,Yes,59.0,,
65984011,,,,
68232012,,,,
65988026,Yes,53.0,,
65476039,Yes,98.0,,
66837006,,,,
68096016,,,,
68097049,Yes,60.0,,
64329028,Yes,31.0,,
64297018,,,,
65043021,,,,
64329012,,,,
68158006,,,,
65753042,Yes,62.0,,
66451008,,,,
66837006,,,,
64352026,No,16.0,,
68301027,Yes,53.0,,
66303006,,,,
64357087,Yes,35.0,,
67703033,No,,,
68357003,,,,
67577046,No,,,
64338037,No,,,
64174023,No,,,
67460005,,,,
65987015,,,,
67786016,,,,
65496011,,,,
67034065,Yes,60.0,,
65179010,,,,
67460026,Yes,75.0,,
65358155,Yes,59.0,,
67843018,,,,
64354026,No,,,
68402005,,,,
67700021,,,,
67805012,,,,
65687019,,,,
64392021,Yes,69.0,,
65240046,,,,
68444001,,,,
64343035,Yes,31.0,,
68441012,,,,
66809007,,,,
64067037,Yes,32.0,,
68304099,Yes,53.0,,
65497006,,,,
65986002,,,,
65358199,Yes,61.0,,
64284025,No,,,
65240067,Yes,26.0,,
64174039,No,,,
67700005,,,,
67700010,,,,
66837046,Yes,80.0,,
62617007,,,,
68097066,Yes,60.0,,
68158030,,,,
67032016,,,,
65211012,,,,
67803031,Yes,87.0,,
68232027,Yes,72.0,,
65883021,Yes,27.0,,
64298026,Yes,96.0,,
66922065,Yes,20.0,,
65240041,,,,
65480021,Yes,57.0,,
68386038,Yes,35.0,,
65984064,Yes,93.0,,
64357022,,,,
64361007,,,,
65476046,Yes,92.0,,
64244005,Yes,68.0,,
65988012,,,,
65686032,Yes,75.0,,
64068012,,,,
65043033,Yes,34.0,,
65358007,,,,
67577007,,,,
66837022,,,,
66837006,,,,
65240074,Yes,27.0,,
64273005,,,,
63066042,Yes,57.0,,
66451049,No,78.0,,
68302051,Yes,33.0,,
64264012,,,,
67577037,No,,,
64337025,,,,
67577005,,,,
60929017,No,,,
68097071,No,,,
64296023,,,,
67034046,Yes,56.0,,
68357012,,,,
59026001,,,,
68449025,,,,
67407024,,,,
68233050,,,,
68304091,Yes,53.0,,
65043034,Yes,36.0,,
64345005,,,,
64296047,No,,,
67577044,Yes,79.0,,
60409050,Yes,57.0,,
68304022,,,,
68405023,,,,
67786033,Yes,38.0,,
68441039,Yes,89.0,,
68304074,Yes,53.0,,
68444017,,,,
64336048,Yes,31.0,,
67034018,,,,
64431015,,,,
68402015,,,,
64431060,Yes,27.0,,
64337009,,,,
65474004,,,,
66809013,,,,
65496015,,,,
66837006,,,,
66542034,Yes,15.0,,
64067011,,,,
65179031,Yes,52.0,,
68402041,Yes,50.0,,
68444028,Yes,37.0,,
64330016,,,,
64244018,Yes,65.0,,
67032035,,,,
65211006,,,,
65293007,,,,
65042015,,,,
64263007,,,,
68386046,Yes,35.0,,
67683035,Yes,31.0,,
64262026,No,,,
65461006,,,,
65476033,Yes,92.0,,
65882024,Yes,23.0,,
67289006,,,,
68232022,,,,
67034028,,,,
64283028,Yes,34.0,,
65496022,No,41.0,,
67407027,Yes,88.0,,
68097004,,,,
65481007,,,,
68097067,Yes,60.0,,
66922052,Yes,20.0,,
67579010,,,,
64295032,Yes,60.0,,
65294032,Yes,32.0,,
65984100,Yes,93.0,,
65984037,,,,
64337048,Yes,30.0,,
65232006,,,,
67703003,,,,
64244035,No,,,
64329007,,,,
64357002,,,,
66837002,,,,
64361005,,,,
68304063,Yes,53.0,,
65240114,Yes,27.0,,
65042040,Yes,64.0,,
67407033,Yes,88.0,,
64247025,Yes,81.0,,
64247005,,,,
67288037,Yes,22.0,,
68119027,Yes,27.0,,
68357044,Yes,53.0,,
64281030,No,,,
65240020,,,,
59026013,,,,
68233027,Yes,69.0,,
66086048,Yes,103.0,,
64068022,,,,
68304042,,,,
66382021,,,,
68119029,Yes,27.0,,
67460036,Yes,80.0,,
62617015,Yes,29.0,,
64209038,No,,,
66451044,Yes,99.0,,
67842044,No,,,
64260001,,,,
68386045,No,1.0,,
65481026,Yes,58.0,,
66891009,,,,
65358157,Yes,61.0,,
61177013,,,,
65493048,Yes,127.0,,
64295039,Yes,56.0,,
64262028,Yes,59.0,,
65493017,,,,
65753031,Yes,58.0,,
67786050,Yes,37.0,,
65240038,,,,
64263010,,,,
67845049,Yes,56.0,,
65240010,,,,
67577003,,,,
65240053,,,,
67845020,,,,
65988032,Yes,53.0,,
64067025,,,,
67683026,Yes,31.0,,
60409044,Yes,58.0,,
64346027,No,6.0,,
64431029,,,,
67826003,,,,
64298008,,,,
64345021,Yes,34.0,,
65986022,Yes,53.0,,
65476030,Yes,95.0,,
64209045,Yes,97.0,,
67700023,,,,
64247018,,,,
61177039,Yes,24.0,,
64298016,,,,
64337033,Yes,29.0,,
65240080,Yes,26.0,,
66451036,Yes,100.0,,
68096017,,,,
66264033,Yes,12.0,,
60929006,,,,
67288034,No,,,
64337013,,,,
65883002,,,,
67842012,,,,
67799025,,,,
64248007,,,,
65493026,Yes,125.0,,
65480002,,,,
64296038,Yes,54.0,,
64284020,Yes,26.0,,
65436001,,,,
64248040,Yes,32.0,,
65211003,,,,
64260045,Yes,59.0,,
68304055,Yes,53.0,,
64296034,Yes,56.0,,
67826033,Yes,58.0,,
65986008,,,,
65294030,Yes,32.0,,
64262004,,,,
68096019,,,,
64263030,Yes,53.0,,
68232026,Yes,64.0,,
68302013,,,,
65358093,,,,
67579049,No,,,
68386018,,,,
65043031,Yes,35.0,,
64354002,,,,
67845019,,,,
65493038,No,34.0,,
68304083,Yes,53.0,,
65211022,Yes,25.0,,
67579029,Yes,80.0,,
65984059,,,,
64352013,,,,
64357030,,,,
64068032,Yes,31.0,,
65358130,Yes,56.0,,
64273019,Yes,32.0,,
65986012,,,,
68097050,No,,,
65882035,Yes,23.0,,
68444038,Yes,35.0,,
65476001,,,,
68097051,Yes,60.0,,
68119001,,,,
64345024,Yes,34.0,,
67573036,Yes,80.0,,
66303005,,,,
65497010,,,,
64347003,,,,
65461015,,,,
65749024,Yes,123.0,,
66303004,,,,
66303008,,,,
66382024,,,,
64392018,Yes,69.0,,
65984106,Yes,93.0,,
65211032,Yes,25.0,,
67407009,,,,
67289067,Yes,60.0,,
64297039,Yes,45.0,,
64300012,,,,
64067035,Yes,32.0,,
65436007,,,,
62617019,Yes,30.0,,
64354029,Yes,31.0,,
65240036,,,,
67805020,No,,,
65294010,,,,
65043029,Yes,36.0,,
64364001,,,,
65687025,Yes,75.0,,
67843019,,,,
65358050,,,,
65753012,,,,
64248018,,,,
67845012,,,,
64337011,,,,
68357035,Yes,53.0,,
67826038,Yes,55.0,,
64431009,,,,
65749016,,,,
64357007,,,,
68402017,,,,
64297044,Yes,45.0,,
67034039,,,,
65480029,Yes,59.0,,
68232010,,,,
67703010,,,,
68449011,,,,
68304030,,,,
65986034,Yes,53.0,,
64209047,Yes,98.0,,
67805010,,,,
67288031,Yes,24.0,,
65686011,,,,
68386002,,,,
64336028,No,,,
65984017,,,,
67573032,Yes,80.0,,
68158023,,,,
64273010,,,,
67703037,No,38.0,,
65042031,Yes,64.0,,
67842019,,,,
64186049,No,,,
64262043,No,,,
67799028,Yes,7.0,,
64300040,No,,,
65179022,No,10.0,,
64357078,Yes,35.0,,
64336016,,,,
59026027,No,,,
67803023,,,,
65358075,,,,
68405031,Yes,78.0,,
64297024,,,,
65753010,,,,
67460017,,,,
67803022,,,,
64358022,Yes,84.0,,
64296025,,,,
64338008,,,,
66809035,Yes,80.0,,
64357039,,,,
65434033,Yes,100.0,,
66542028,Yes,20.0,,
64236009,,,,
67289075,Yes,60.0,,
65461014,,,,
67460014,,,,
66809002,,,,
67289078,No,8.0,,
64174016,,,,
65211029,Yes,25.0,,
64281004,,,,
65493037,Yes,117.0,,
65753027,Yes,64.0,,
64283008,,,,
65476028,Yes,90.0,,
65358009,,,,
60929002,,,,
65984095,Yes,93.0,,
64264034,Yes,71.0,,
64431036,No,14.0,,
66837006,,,,
68405030,Yes,76.0,,
66922009,,,,
64174001,,,,
64346022,Yes,31.0,,
66382017,,,,
65179025,Yes,50.0,,
64358006,,,,
68304007,,,,
68405019,,,,
65436020,Yes,66.0,,
67577032,Yes,79.0,,
60409032,No,5.0,,
67289064,Yes,60.0,,
65480012,,,,
64260014,,,,
64283021,Yes,34.0,,
65882021,Yes,23.0,,
65753024,,,,
66837048,Yes,80.0,,
65294036,Yes,32.0,,
65984001,,,,
65986028,Yes,53.0,,
65042046,No,,,
63066012,,,,
67843002,,,,
68402010,,,,
65686020,,,,
67826013,,,,
65987040,Yes,53.0,,
65883001,,,,
64298048,No,,,
64337049,No,,,
64338036,Yes,35.0,,
64357064,No,,,
68444015,,,,
68405039,Yes,79.0,,
64330022,Yes,29.0,,
64209048,Yes,87.0,,
68357014,,,,
65474008,,,,
67803010,,,,
65211007,,,,
68405021,,,,
68304013,,,,
68158009,,,,
65987028,Yes,53.0,,
65493041,Yes,118.0,,
67843001,,,,
64372009,,,,
68402039,Yes,49.0,,
68304059,Yes,53.0,,
66922001,,,,
64209008,,,,
64209042,Yes,100.0,,
65179020,Yes,53.0,,
64353013,,,,
65474005,,,,
64284004,,,,
65493019,,,,
64392027,Yes,67.0,,
60409011,,,,
64356006,,,,
64337040,Yes,31.0,,
64373027,No,15.0,,
64330003,,,,
67573035,No,,,
64346023,Yes,34.0,,
66837006,,,,
64260046,Yes,59.0,,
68096013,,,,
66837004,,,,
59026007,,,,
65042039,Yes,63.0,,
68301031,Yes,53.0,,
64263008,,,,
64297014,,,,
66837006,,,,
64358032,No,73.0,,
68386033,Yes,36.0,,
64068031,Yes,32.0,,
67842005,,,,
64067005,,,,
64263013,,,,
68386035,Yes,35.0,,
65211013,,,,
64283015,,,,
67799009,,,,
66382034,No,,,
68386047,No,,,
67579048,Yes,80.0,,
64352022,Yes,32.0,,
66837006,,,,
64068008,,,,
65436016,Yes,63.0,,
64295003,,,,
64356033,Yes,28.0,,
64298003,,,,
65883026,Yes,30.0,,
64296040,Yes,55.0,,
65481020,Yes,59.0,,
65358148,Yes,61.0,,
67845022,,,,
64264016,,,,
67577015,,,,
68402024,,,,
64263039,Yes,53.0,,
64344026,Yes,32.0,,
65358016,,,,
65493008,,,,
68158035,,,,
68304093,Yes,53.0,,
64392005,,,,
68301016,,,,
65358055,,,,
68302039,Yes,33.0,,
64298037,No,46.0,,
64345017,Yes,34.0,,
64392014,,,,
68302023,,,,
67826017,,,,
64244017,,,,
67288014,,,,
64067040,Yes,32.0,,
67683013,,,,
65293040,Yes,30.0,,
67034015,,,,
64244025,Yes,78.0,,
64352038,No,,,
67843005,,,,
65984092,Yes,93.0,,
65883035,Yes,23.0,,
66837006,,,,
68232034,No,,,
65988041,Yes,53.0,,
65461019,Yes,15.0,,
65436017,Yes,65.0,,
64283036,Yes,35.0,,
65232008,,,,
68233007,,,,
66086021,,,,
64343039,Yes,29.0,,
67842035,Yes,54.0,,
68119013,,,,
63066010,,,,
64345002,,,,
64067015,,,,
65473026,Yes,27.0,,
64174040,Yes,54.0,,
64344032,Yes,32.0,,
65358032,,,,
67683034,Yes,,,
64372015,Yes,68.0,,
67032034,,,,
67683016,,,,
67683041,Yes,30.0,,
68304073,No,,,
66837001,,,,
68302059,Yes,33.0,,
66264025,Yes,12.0,,
64431040,Yes,27.0,,
67032073,Yes,50.0,,
65493011,,,,
67843038,Yes,,,
67683039,Yes,31.0,,
67034067,Yes,57.0,,
60409023,,,,
64354038,Yes,31.0,,
67803036,Yes,82.0,,
64357036,,,,
64263014,,,,
64295007,,,,
67460034,Yes,80.0,,
68402006,,,,
61177005,,,,
67407012,,,,
68233016,,,,
64336021,,,,
65481025,Yes,60.0,,
66264006,,,,
65984045,,,,
65232005,,,,
67843032,Yes,,,
67032067,Yes,49.0,,
64298011,,,,
64247013,,,,
64343019,,,,
68304079,Yes,53.0,,
65753036,Yes,59.0,,
66303018,Yes,30.0,,
65481030,Yes,56.0,,
67289002,,,,
64357038,,,,
65358030,,,,
66809027,Yes,71.0,,
64336047,Yes,31.0,,
68449002,,,,
65882019,,,,
64431027,,,,
65476007,,,,
65984091,Yes,93.0,,
68302004,,,,
65358060,,,,
64357005,,,,
66922016,,,,
64353036,Yes,30.0,,
66382012,,,,
64344010,,,,
68304067,No,,,
68301003,,,,
65749026,Yes,112.0,,
64282023,Yes,35.0,,
64344022,Yes,32.0,,
67032074,Yes,50.0,,
68096033,Yes,56.0,,
65481003,,,,
67845008,,,,
67579007,,,,
68158053,Yes,50.0,,
64068017,,,,
65358182,Yes,61.0,,
64298047,No,,,
65984053,,,,
64297022,,,,
65293025,Yes,30.0,,
66809028,No,,,
65476025,,,,
68158001,,,,
65984067,Yes,93.0,,
64247011,,,,
65496029,Yes,60.0,,
68158058,No,16.0,,
60984003,,,,
66837049,No,,,
68444040,Yes,35.0,,
66837006,,,,
65358115,Yes,61.0,,
67032071,Yes,50.0,,
67826030,Yes,57.0,,
66086014,,,,
68302047,No,,,
65984040,,,,
65481008,,,,
67805023,Yes,23.0,,
60409038,Yes,59.0,,
68119036,Yes,27.0,,
64356021,Yes,29.0,,
67799017,,,,
65294034,Yes,33.0,,
68233018,Yes,65.0,,
65986027,Yes,53.0,,
63066041,Yes,42.0,,
68402037,Yes,49.0,,
64329037,No,,,
64345009,,,,
66922020,,,,
66837013,,,,
68301039,Yes,53.0,,
66837006,,,,
65042033,Yes,61.0,,
64297010,,,,
68301036,No,,,
64344035,Yes,31.0,,
64281025,Yes,74.0,,
68444029,Yes,35.0,,
64209017,,,,
65358141,No,,,
64373036,Yes,44.0,,
66303030,Yes,30.0,,
65293037,Yes,30.0,,
64297021,,,,
65358019,,,,
67579021,,,,
64264033,Yes,72.0,,
68158014,,,,
65043002,,,,
66922002,,,,
64338007,,,,
65240029,,,,
65358072,,,,
65358173,Yes,61.0,,
64262048,No,,,
60929011,,,,
64353040,Yes,32.0,,
64358027,No,,,
68444031,No,,,
64283009,,,,
68402018,,,,
65882036,No,,,
65497022,Yes,60.0,,
64346033,Yes,34.0,,
64347021,No,,,
64373040,Yes,45.0,,
65294021,Yes,33.0,,
64354003,,,,
64209002,,,,
68119028,Yes,27.0,,
64300006,,,,
62617018,No,,,
64295013,,,,
62617001,,,,
64263015,,,,
66809014,,,,
64361012,Yes,52.0,,
67034033,,,,
64329024,Yes,31.0,,
65493002,,,,
68405028,No,,,
65293019,,,,
65882001,,,,
68158050,No,,,
64273030,No,,,
66382003,,,,
64344028,No,,,
65882006,,,,
65882004,,,,
68386050,Yes,35.0,,
66837006,,,,
65461021,Yes,14.0,,
67799014,,,,
60983022,No,,,
68386004,,,,
64264035,No,,,
65358110,Yes,61.0,,
68386042,Yes,36.0,,
64296050,Yes,52.0,,
68402002,,,,
67845044,Yes,57.0,,
64300015,,,,
68233030,Yes,47.0,,
64338019,,,,
64284030,No,,,
67289061,Yes,60.0,,
64354021,No,28.0,,
65240051,,,,
64357016,,,,
68357011,,,,
65984112,Yes,93.0,,
64296044,Yes,56.0,,
67786044,Yes,37.0,,
67826044,No,7.0,,
66809017,,,,
65481019,Yes,53.0,,
65686002,,,,
65358124,Yes,61.0,,
64263031,Yes,52.0,,
64283006,,,,
68232032,Yes,70.0,,
64295005,,,,
64067050,Yes,32.0,,
65358076,,,,
65358008,,,,
67573009,,,,
59026002,,,,
66922063,No,,,
67460045,Yes,80.0,,
66809018,,,,
68304027,,,,
68096027,Yes,56.0,,
64343028,Yes,27.0,,
65240025,,,,
65988018,,,,
64273012,,,,
64186037,Yes,57.0,,
65988003,,,,
65753040,Yes,64.0,,
64067044,Yes,32.0,,
66264023,Yes,12.0,,
64068035,Yes,32.0,,
64262008,,,,
64248028,Yes,32.0,,
64431039,Yes,27.0,,
64329035,No,,,
66837006,,,,
64337006,,,,
64248015,,,,
67577049,Yes,79.0,,
64282011,,,,
65496019,No,2.0,,
67843049,Yes,,,
64295015,,,,
68096030,Yes,58.0,,
67573021,,,,
64353026,Yes,33.0,,
67032047,Yes,50.0,,
65358135,Yes,61.0,,
66303012,,,,
64262015,,,,
66922007,,,,
68301028,Yes,53.0,,
65493014,,,,
65986029,No,,,
61177029,Yes,25.0,,
66264009,,,,
65240060,,,,
64358015,,,,
64431037,Yes,26.0,,
64336011,,,,
68405010,,,,
65984039,,,,
64373025,Yes,46.0,,
60984002,,,,
60983019,No,,,
64337034,Yes,30.0,,
64067028,Yes,31.0,,
65882023,Yes,23.0,,
68357045,Yes,53.0,,
64337007,,,,
64260019,,,,
68449013,,,,
64330030,Yes,28.0,,
65749013,,,,
64281026,Yes,77.0,,
68357031,Yes,53.0,,
65986007,,,,
64300010,,,,
64357057,Yes,34.0,,
67288033,No,,,
65240048,,,,
64282018,,,,
66382045,Yes,96.0,,
66303003,,,,
66809022,,,,
65749028,Yes,111.0,,
65749010,,,,
64262029,Yes,59.0,,
64338029,No,,,
68119034,Yes,27.0,,
65358046,,,,
64209034,No,,,
65042016,,,,
68304015,,,,
64244033,Yes,76.0,,
68233049,Yes,67.0,,
66891046,Yes,90.0,,
67703004,,,,
68119030,Yes,27.0,,
68441047,Yes,88.0,,
66837006,,,,
67032031,,,,
65043035,Yes,36.0,,
64343009,,,,
64344002,,,,
68232038,Yes,72.0,,
68449039,No,1.0,,
65476012,,,,
67683022,,,,
64330032,Yes,24.0,,
67703036,No,38.0,,
66922046,Yes,20.0,,
65686039,Yes,75.0,,
64347006,,,,
64248009,,,,
64337005,,,,
66451025,,,,
64354006,,,,
66922025,,,,
65882013,,,,
64262006,,,,
68405020,,,,
65984090,Yes,93.0,,
65293005,,,,
64273022,Yes,32.0,,
64295040,No,,,
64263043,No,,,
65987012,,,,
64296014,,,,
65294033,Yes,32.0,,
65753017,,,,
65984007,,,,
64281030,No,,,
65211034,Yes,25.0,,
64264037,Yes,73.0,,
65473017,Yes,32.0,,
66837006,,,,
66922039,,,,
64263016,,,,
61177009,,,,
64357041,,,,
67826028,Yes,59.0,,
65480018,Yes,60.0,,
64431053,Yes,26.0,,
64298027,Yes,,,
66809039,Yes,71.0,,
64296008,,,,
67579008,,,,
64298031,Yes,,,
65434022,Yes,99.0,,
68158055,Yes,50.0,,
65043010,,,,
59026034,No,7.0,,
64364020,No,,,
64352015,,,,
65749037,Yes,111.0,,
64273007,,,,
64282038,No,,,
66542011,,,,
65459024,Yes,51.0,,
64338001,,,,
64067013,,,,
68097072,Yes,60.0,,
64186003,,,,
65984052,,,,
64298021,,,,
67289018,,,,
64346003,,,,
66922037,,,,
60983013,,,,
67579018,,,,
68304033,,,,
63066004,,,,
67460047,Yes,80.0,,
67786022,,,,
67842032,No,,,
64297040,Yes,48.0,,
64262040,Yes,59.0,,
65988039,Yes,53.0,,
66922067,Yes,15.0,,
66837005,,,,
65294026,No,,,
64295020,,,,
67842018,,,,
66382020,,,,
60983009,,,,
65043030,Yes,36.0,,
67842007,,,,
68232007,,,,
66086044,No,68.0,,
65988033,Yes,53.0,,
68232006,,,,
68402029,Yes,50.0,,
60929005,,,,
66264022,Yes,12.0,,
65686008,,,,
65984003,,,,
64392001,,,,
64067017,,,,
60984004,,,,
67573033,Yes,79.0,,
68097005,,,,
64260049,Yes,59.0,,
64260030,Yes,59.0,,
66922056,Yes,20.0,,
64357067,No,,,
64372024,No,,,
64283033,Yes,31.0,,
64338005,,,,
64337045,No,,,
64357100,Yes,35.0,,
64336018,,,,
60409021,,,,
64336019,,,,
68405007,,,,
67034070,Yes,58.0,,
65461007,,,,
64273027,Yes,32.0,,
68405042,No,,,
64281010,,,,
67034073,Yes,56.0,,
64260036,Yes,59.0,,
65358121,Yes,61.0,,
68386020,,,,
60929013,,,,
67703024,No,38.0,,
64357035,,,,
64209043,Yes,94.0,,
64281013,,,,
65358113,Yes,61.0,,
66086047,Yes,99.0,,
60409020,,,,
67034052,Yes,58.0,,
65749029,No,,,
66086006,,,,
68304021,,,,
65042005,,,,
65211014,,,,
66809020,,,,
59026003,,,,
64337002,,,,
66542032,Yes,20.0,,
65493021,,,,
65459021,Yes,48.0,,
64260005,,,,
65358107,Yes,61.0,,
66542006,,,,
67573004,,,,
64262034,Yes,57.0,,
66922068,Yes,20.0,,
67577034,Yes,79.0,,
64248035,Yes,32.0,,
64329006,,,,
67700045,Yes,48.0,,
64264007,,,,
68301041,Yes,53.0,,
67845035,Yes,56.0,,
64296005,,,,
66837006,,,,
68449009,,,,
64209040,No,,,
66086050,Yes,109.0,,
67803038,Yes,84.0,,
64264011,,,,
65043039,Yes,33.0,,
64284023,Yes,26.0,,
65986025,Yes,53.0,,
65232020,Yes,50.0,,
67289011,,,,
64353037,Yes,30.0,,
64343016,,,,
65461018,Yes,15.0,,
64300037,No,,,
64244003,Yes,63.0,,
67803024,,,,
66837006,,,,
65459003,,,,
68232049,Yes,70.0,,
59026033,Yes,73.0,,
67803045,No,,,
65493029,Yes,118.0,,
64068002,,,,
65358129,Yes,61.0,,
64068018,,,,
64353009,,,,
65988013,,,,
68301015,,,,
67032061,Yes,50.0,,
65473004,,,,
66451013,,,,
67826014,,,,
65493033,Yes,121.0,,
65358186,Yes,61.0,,
65984088,Yes,93.0,,
64338032,Yes,33.0,,
60983005,,,,
67842026,Yes,54.0,,
64283014,,,,
65481014,,,,
68441038,No,34.0,,
68441036,No,46.0,,
66837006,,,,
68357013,,,,
65474015,,,,
67579039,Yes,80.0,,
66837006,,,,
68304078,Yes,53.0,,
65240076,Yes,27.0,,
67799043,No,7.0,,
65358005,,,,
65293011,,,,
64283040,Yes,34.0,,
67799020,,,,
66086027,No,,,
67703040,No,38.0,,
65358039,,,,
64264025,Yes,73.0,,
65988033,Yes,53.0,,
68097064,Yes,60.0,,
60409037,Yes,55.0,,
60929008,,,,
64068042,Yes,31.0,,
65493013,,,,
64248001,,,,
67805002,,,,
67034050,Yes,58.0,,
64295033,No,,,
67032056,Yes,50.0,,
59026040,No,,,
66451032,Yes,93.0,,
64337026,Yes,29.0,,
64281002,,,,
64247001,,,,
65358183,Yes,61.0,,
67579003,,,,
64357059,Yes,35.0,,
68158074,Yes,50.0,,
65987041,Yes,53.0,,
64338017,,,,
66451046,Yes,96.0,,
68441016,,,,
67703022,No,38.0,,
64281024,No,,,
64247017,,,,
68304036,,,,
66922044,Yes,20.0,,
65459018,No,,,
67460030,No,,,
65293015,,,,
64248014,,,,
65293029,Yes,30.0,,
68158041,Yes,50.0,,
65293018,,,,
65476042,Yes,86.0,,
66264031,Yes,12.0,,
65984018,,,,
64296032,Yes,53.0,,
67577048,No,,,
67034066,No,,,
64392009,,,,
65687026,Yes,75.0,,
65358084,,,,
64336005,,,,
64067043,Yes,31.0,,
65436015,,,,
64300013,,,,
64329005,,,,
66086013,,,,
64295050,Yes,59.0,,
64236018,No,85.0,,
64338033,Yes,34.0,,
68357015,,,,
64273016,Yes,33.0,,
63066049,No,,,
64264022,Yes,72.0,,
66542030,Yes,20.0,,
64337004,,,,
67843014,,,,
65984019,,,,
64357063,Yes,35.0,,
66837006,,,,
64295041,Yes,55.0,,
65043020,,,,
65687002,,,,
64281030,No,,,
65358144,Yes,61.0,,
64357092,Yes,35.0,,
68357006,,,,
65480003,,,,
65240095,No,1.0,,
65461030,No,,,
65984065,Yes,93.0,,
65988035,Yes,53.0,,
64068003,,,,
66542017,,,,
65476049,Yes,90.0,,
64209018,,,,
66837006,,,,
65984032,,,,
65686029,Yes,73.0,,
64354005,,,,
64264040,Yes,73.0,,
64068005,,,,
65753019,,,,
64361028,,,,
64296020,,,,
65749021,Yes,114.0,,
64295036,No,,,
65459014,,,,
65358083,,,,
64338018,,,,
66891004,,,,
66451041,Yes,97.0,,
64244004,,,,
64068046,Yes,32.0,,
64337029,Yes,28.0,,
64357068,Yes,35.0,,
65294001,,,,
68097044,No,34.0,,
65988023,Yes,53.0,,
67786049,Yes,37.0,,
68302067,Yes,33.0,,
64264020,,,,
68449017,,,,
61177017,,,,
66891006,,,,
67703029,No,38.0,,
64282025,No,9.0,,
64372019,Yes,66.0,,
64347001,,,,
67288008,,,,
65358020,,,,
64263048,Yes,53.0,,
68301006,,,,
64330013,,,,
64338014,,,,
68449029,Yes,28.0,,
64260024,,,,
65042050,Yes,64.0,,
64281007,,,,
64337039,Yes,30.0,,
65232025,Yes,53.0,,
68405045,Yes,78.0,,
67805004,,,,
65042034,Yes,64.0,,
65293002,,,,
67289074,Yes,60.0,,
67407034,Yes,88.0,,
64186041,Yes,57.0,,
64373003,,,,
64248013,,,,
68449030,Yes,28.0,,
67845028,Yes,55.0,,
66809005,,,,
65042048,Yes,64.0,,
68357037,Yes,53.0,,
66922071,Yes,20.0,,
64300011,,,,
64346012,,,,
65240093,Yes,26.0,,
66303015,,,,
67460027,No,,,
64357089,Yes,35.0,,
68302048,Yes,33.0,,
67032076,Yes,50.0,,
64329009,,,,
68444016,,,,
66809032,Yes,76.0,,
64364003,,,,
68405038,Yes,80.0,,
65473013,,,,
65686018,,,,
65179012,,,,
68096039,Yes,58.0,,
65753046,Yes,63.0,,
64067016,,,,
64354028,Yes,31.0,,
65461024,Yes,15.0,,
66922048,Yes,20.0,,
64353015,,,,
64336020,,,,
66837006,,,,
67577018,,,,
64353031,Yes,33.0,,
67460046,No,,,
66837014,,,,
65474003,,,,
61177016,,,,
64282027,Yes,32.0,,
66451003,,,,
66837038,Yes,78.0,,
65686035,Yes,74.0,,
66382004,,,,
66922051,Yes,20.0,,
61177001,,,,
67407031,Yes,88.0,,
67786043,Yes,36.0,,
65493034,Yes,115.0,,
68386032,Yes,36.0,,
67843046,Yes,,,
68402036,No,,,
64300038,No,,,
67460015,,,,
68233042,Yes,48.0,,
66837006,,,,
64186042,Yes,52.0,,
65294017,,,,
64358017,Yes,90.0,,
68302035,Yes,33.0,,
68402014,,,,
65358091,,,,
66451029,Yes,99.0,,
64067030,No,,,
64297047,Yes,46.0,,
66922003,,,,
65436026,Yes,66.0,,
68302012,,,,
64174034,Yes,54.0,,
68233028,,,,
64392026,No,,,
65473012,,,,
66837006,,,,
65984083,Yes,93.0,,
68302045,Yes,33.0,,
64354035,Yes,32.0,,
65882025,Yes,23.0,,
65358120,Yes,61.0,,
67573048,No,4.0,,
64247015,,,,
65232014,Yes,50.0,,
64282033,Yes,33.0,,
64281029,No,,,
64247002,,,,
63066035,Yes,53.0,,
64281032,No,22.0,,
67289051,Yes,59.0,,
62617025,Yes,29.0,,
65043032,Yes,35.0,,
66922014,,,,
65749032,Yes,124.0,,
64392023,Yes,69.0,,
64358025,Yes,91.0,,
64298039,Yes,95.0,,
63066032,No,4.0,,
65987030,Yes,53.0,,
68158045,Yes,50.0,,
64300007,,,,
64283016,,,,
67407002,,,,
64346021,No,13.0,,
64067009,,,,
60983006,,,,
64067018,,,,
65476038,Yes,93.0,,
68405048,Yes,74.0,,
67805006,,,,
64357011,,,,
64354004,,,,
64373021,Yes,46.0,,
65358118,Yes,61.0,,
67577038,Yes,79.0,,
68096004,,,,
64338024,Yes,30.0,,
65753026,Yes,60.0,,
67460024,,,,
65749014,,,,
68233034,Yes,73.0,,
64262010,,,,
67803004,,,,
67799045,No,3.0,,
64354016,,,,
66809026,Yes,80.0,,
67034077,Yes,59.0,,
65988015,,,,
65473030,Yes,32.0,,
65480004,,,,
64300028,Yes,90.0,,
65753029,Yes,60.0,,
67032022,,,,
67573028,No,13.0,,
68232020,,,,
64236004,No,51.0,,
66922078,Yes,20.0,,
65461016,No,,,
65293032,Yes,29.0,,
66451035,Yes,100.0,,
65240105,Yes,22.0,,
65043040,Yes,35.0,,
64336015,,,,
64264032,Yes,73.0,,
65459001,,,,
67703019,,,,
64296026,Yes,56.0,,
64298030,Yes,97.0,,
64343026,Yes,30.0,,
65358042,,,,
66451040,No,,,
65883016,,,,
64356019,,,,
64186030,No,,,
59026006,,,,
65984115,Yes,93.0,,
65358188,No,,,
66837006,,,,
65476043,No,13.0,,
65240055,,,,
64352021,Yes,31.0,,
66451024,,,,
64357027,,,,
65493049,Yes,119.0,,
64337050,Yes,30.0,,
65294013,,,,
68232021,,,,
64353021,No,24.0,,
68158048,Yes,49.0,,
65480013,,,,
68097021,,,,
66837025,,,,
68405036,Yes,77.0,,
66837006,,,,
67683024,,,,
68405005,,,,
67843034,Yes,,,
64346002,,,,
64298040,Yes,92.0,,
67683006,,,,
68301032,Yes,53.0,,
66837006,,,,
67683011,,,,
68304062,Yes,53.0,,
66264030,Yes,12.0,,
65497030,Yes,54.0,,
64392010,,,,
64273011,,,,
65883025,No,,,
60409005,,,,
65211025,Yes,25.0,,
68304035,,,,
64358018,Yes,90.0,,
67034047,Yes,57.0,,
64247006,,,,
64067038,Yes,32.0,,
64373009,,,,
64343004,,,,
65749002,,,,
65984016,,,,
64352032,Yes,32.0,,
65232002,,,,
67683023,,,,
65473006,,,,
65240033,,,,
64336049,Yes,31.0,,
67288003,,,,
65293016,,,,
64283012,,,,
67034059,No,1.0,,
65882005,,,,
65358159,No,,,
66542035,Yes,19.0,,
65984033,,,,
65293030,Yes,28.0,,
68405006,,,,
64282008,,,,
64298019,,,,
66382008,,,,
64352001,,,,
68233035,Yes,68.0,,
68302008,,,,
68449049,Yes,28.0,,
64248017,,,,
64282014,,,,
65984036,,,,
65481004,,,,
64247036,Yes,73.0,,
64352012,,,,
60984016,No,,,
64281036,No,,,
65987036,Yes,53.0,,
67786024,,,,
64209023,,,,
68357007,,,,
65358022,,,,
65481009,,,,
68097070,Yes,60.0,,
68405025,,,,
64329013,,,,
64353029,Yes,33.0,,
64209010,,,,
68402025,,,,
64236016,Yes,109.0,,
67579024,,,,
66382035,Yes,95.0,,
65753038,Yes,62.0,,
61177012,,,,
64364018,No,,,
65474022,Yes,57.0,,
65240108,Yes,27.0,,
64068041,Yes,32.0,,
68441022,,,,
67579011,,,,
65686016,,,,
64343014,,,,
65473025,Yes,31.0,,
65042049,Yes,64.0,,
65358079,,,,
67700047,Yes,48.0,,
64174030,Yes,51.0,,
67034003,,,,
67700050,,,,
64284001,,,,
67799044,No,,,
64281030,No,,,
66891049,Yes,80.0,,
60984005,,,,
64358029,Yes,89.0,,
61177027,Yes,25.0,,
64346035,Yes,30.0,,
64344027,No,11.0,,
60409036,Yes,58.0,,
66837006,,,,
64273015,,,,
65493050,Yes,120.0,,
67573018,,,,
67573049,No,,,
64353014,,,,
66922055,Yes,20.0,,
64284013,,,,
68405004,,,,
65984077,Yes,93.0,,
64283003,,,,
65240115,Yes,27.0,,
64300018,,,,
67842039,Yes,54.0,,
67799022,,,,
64264004,,,,
64346016,,,,
64347007,,,,
64283031,Yes,35.0,,
64330012,,,,
67579002,,,,
65179023,Yes,51.0,,
64337042,No,,,
66837006,,,,
64431008,,,,
68405012,,,,
64298010,,,,
65294016,,,,
65294002,,,,
65358081,,,,
66086045,Yes,108.0,,
67289052,Yes,59.0,,
66264011,,,,
65240045,,,,
66837006,,,,
67288021,Yes,24.0,,
65358119,Yes,61.0,,
64345016,No,,,
64236001,,,,
67407016,,,,
64281017,,,,
67289015,,,,
65358127,Yes,61.0,,
64336004,,,,
64337027,Yes,30.0,,
68441040,No,,,
66382032,Yes,91.0,,
66303010,,,,
67573031,Yes,80.0,,
64295002,,,,
65984099,No,,,
65240086,Yes,26.0,,
64186002,,,,
64263025,,,,
67799008,,,,
64352040,Yes,25.0,,
64392028,Yes,67.0,,
66837006,,,,
64392017,Yes,67.0,,
67460013,,,,
64352011,,,,
65232004,,,,
68304097,No,,,
64297019,,,,
68302037,No,,,
67805018,No,18.0,,
66264010,,,,
67843004,,,,
68304024,,,,
65358162,Yes,61.0,,
67577016,,,,
68097012,,,,
68097025,,,,
64330026,Yes,25.0,,
66837006,,,,
68119008,,,,
67579013,,,,
67843050,Yes,,,
64174003,Yes,56.0,,
65749036,No,,,
65211036,Yes,25.0,,
68158026,,,,
65240088,Yes,26.0,,
67579014,,,,
65687023,Yes,75.0,,
68233031,Yes,69.0,,
60984001,,,,
68304072,Yes,53.0,,
66837006,,,,
65294024,Yes,33.0,,
65179028,Yes,51.0,,
63066043,Yes,47.0,,
64330028,No,,,
65240063,Yes,25.0,,
67843012,,,,
65293013,,,,
67803050,Yes,88.0,,
65240079,Yes,23.0,,
67683017,,,,
66837006,,,,
63066017,,,,
65987004,,,,
64329003,,,,
61177011,,,,
67288017,,,,
65473010,,,,
65984073,Yes,93.0,,
67460009,,,,
67407050,Yes,88.0,,
63066002,,,,
65987002,,,,
66086024,,,,
67577029,Yes,79.0,,
66264027,Yes,12.0,,
68232004,,,,
64373028,Yes,44.0,,
65240081,No,,,
65043006,,,,
64354020,,,,
68232044,Yes,72.0,,
60929027,Yes,59.0,,
64343020,,,,
64329025,Yes,29.0,,
67786041,Yes,37.0,,
66922004,,,,
67799007,,,,
66922035,,,,
67032042,Yes,49.0,,
60983018,Yes,58.0,,
67826042,Yes,58.0,,
65481005,,,,
67573050,Yes,80.0,,
64336037,Yes,31.0,,
65987031,Yes,53.0,,
64281030,No,,,
64354019,,,,
65988037,Yes,53.0,,
64260026,Yes,56.0,,
68444024,,,,
64330011,,,,
65984023,,,,
64248032,Yes,32.0,,
64281030,No,,,
68304011,,,,
64431003,,,,
68302066,No,,,
65358065,,,,
64431021,,,,
67700027,Yes,47.0,,
64337032,No,9.0,,
65043036,No,,,
65358071,,,,
64283026,Yes,35.0,,
61177014,,,,
65434004,,,,
68402033,No,,,
64263017,,,,
64372010,,,,
67805015,Yes,23.0,,
68232043,Yes,64.0,,
64346006,,,,
64431056,Yes,27.0,,
68097059,Yes,60.0,,
67700001,,,,
66837006,,,,
68119035,Yes,27.0,,
65988010,,,,
68301029,Yes,53.0,,
64344004,,,,
68232047,Yes,71.0,,
66837028,Yes,80.0,,
67799018,,,,
68301035,No,44.0,,
65988028,Yes,53.0,,
60983011,,,,
65883037,Yes,30.0,,
66382036,Yes,89.0,,
64357073,No,24.0,,
66264029,Yes,12.0,,
64264023,Yes,72.0,,
64247012,,,,
64262017,,,,
64358012,,,,
68158056,Yes,50.0,,
66837006,,,,
68304086,Yes,53.0,,
68444030,No,3.0,,
68405046,No,6.0,,
67843036,Yes,,,
68441010,,,,
64068037,Yes,32.0,,
67032001,,,,
67032059,No,,,
61177015,,,,
64392016,Yes,68.0,,
68097062,Yes,60.0,,
66891048,Yes,93.0,,
67845015,,,,
68158051,Yes,50.0,,
65042018,,,,
66837019,,,,
68449037,Yes,28.0,,
67843011,,,,
68402016,,,,
68158012,,,,
64248031,Yes,32.0,,
65459026,Yes,52.0,,
67703025,No,38.0,,
64281039,Yes,75.0,,
65179017,No,20.0,,
66451005,,,,
65042044,Yes,62.0,,
66837044,Yes,80.0,,
64392029,Yes,65.0,,
64352028,Yes,29.0,,
64281034,Yes,80.0,,
65687024,Yes,75.0,,
63066040,No,23.0,,
66382001,,,,
64282031,Yes,35.0,,
65473019,Yes,32.0,,
66891016,,,,
68304098,Yes,53.0,,
65687030,Yes,75.0,,
68304009,,,,
68304047,,,,
64358014,,,,
64262030,Yes,56.0,,
64357024,,,,
66837006,,,,
66303016,No,25.0,,
67803033,Yes,85.0,,
65358094,,,,
64236003,,,,
64262027,Yes,56.0,,
65988040,Yes,53.0,,
68304082,Yes,53.0,,
68444044,No,,,
67786029,Yes,37.0,,
67845043,Yes,56.0,,
68233029,,,,
64336044,Yes,30.0,,
64209027,Yes,96.0,,
65042025,,,,
67786031,No,30.0,,
68233023,,,,
65988033,Yes,53.0,,
64248036,Yes,32.0,,
68304069,Yes,53.0,,
67407025,,,,
67289005,,,,
65358013,,,,
67289053,Yes,58.0,,
64300017,,,,
67579044,No,,,
65687032,Yes,75.0,,
64295016,,,,
65987037,Yes,53.0,,
68301001,,,,
64336043,No,,,
65687029,Yes,75.0,,
64248011,,,,
64068014,,,,
64431055,Yes,27.0,,
65294040,Yes,33.0,,
65434036,Yes,100.0,,
64353016,,,,
67577042,Yes,79.0,,
65293036,Yes,30.0,,
66809048,Yes,77.0,,
64300005,,,,
65434028,No,,,
64260025,,,,
67032069,Yes,47.0,,
64364007,,,,
64336038,Yes,31.0,,
67803014,,,,
68302065,Yes,33.0,,
64347012,,,,
64343034,Yes,31.0,,
65496026,No,21.0,,
67577014,,,,
65436004,,,,
64262039,Yes,57.0,,
64067001,,,,
67826029,No,35.0,,
64264008,,,,
67034041,Yes,58.0,,
67842021,,,,
64361006,,,,
65358140,Yes,61.0,,
65476035,Yes,87.0,,
67786028,Yes,37.0,,
65883018,,,,
64338004,,,,
65459008,,,,
67579009,,,,
67842041,Yes,53.0,,
64283004,,,,
67288019,,,,
64346019,,,,
64067014,,,,
64067047,Yes,32.0,,
65687005,,,,
64353003,,,,
64330019,,,,
65882022,Yes,23.0,,
64260004,,,,
67407035,Yes,88.0,,
64209029,Yes,100.0,,
64236012,No,,,
66837006,,,,
64300008,,,,
67289040,,,,
65883004,,,,
59026012,,,,
67803011,,,,
67700042,No,3.0,,
67289030,,,,
67805024,Yes,23.0,,
65043015,,,,
65459010,,,,
67805022,Yes,21.0,,
62617024,Yes,30.0,,
67805014,No,,,
64357026,,,,
68449007,,,,
66303026,Yes,30.0,,
65749004,,,,
67703039,No,,,
67703009,,,,
68402012,,,,
66542019,,,,
64263004,,,,
64357093,Yes,35.0,,
67845007,,,,
65043011,,,,
64354031,Yes,28.0,,
64067026,No,,,
68097060,No,,,
65686023,Yes,75.0,,
65476015,,,,
65459016,Yes,52.0,,
64373001,,,,
65497021,Yes,55.0,,
64431054,Yes,23.0,,
65480015,,,,
64298050,Yes,,,
59026035,No,,,
64284011,,,,
64244039,No,,,
68096023,Yes,59.0,,
65436012,,,,
64329021,Yes,31.0,,
65358025,,,,
67799041,No,,,
68302006,,,,
65474020,Yes,58.0,,
64347010,,,,
64343011,,,,
67034074,Yes,58.0,,
64345011,,,,
67032027,,,,
64263034,Yes,50.0,,
68119016,,,,
64296017,,,,
65883040,Yes,28.0,,
66837006,,,,
64343038,Yes,30.0,,
67573030,No,,,
65883039,Yes,27.0,,
67573011,,,,
65043045,Yes,35.0,,
67577021,,,,
66542022,Yes,19.0,,
64244007,Yes,67.0,,
64372022,No,,,
67845038,Yes,56.0,,
64343012,,,,
67700014,,,,
67407040,Yes,88.0,,
64068007,,,,
67573022,,,,
67034051,Yes,59.0,,
64263029,Yes,53.0,,
67843022,,,,
67683042,Yes,31.0,,
67032068,Yes,48.0,,
67786027,Yes,38.0,,
61177019,,,,
64343005,,,,
65459023,Yes,51.0,,
65240092,Yes,27.0,,
65476050,No,,,
65984118,Yes,93.0,,
66382018,,,,
67032005,,,,
64174024,No,28.0,,
64247022,No,12.0,,
60984013,No,,,
64356004,,,,
65882027,Yes,23.0,,
64337014,,,,
64262049,No,,,
61177037,Yes,25.0,,
64260016,,,,
65687031,Yes,74.0,,
65240075,Yes,27.0,,
65480009,,,,
64354012,,,,
66451021,,,,
65984111,Yes,93.0,,
67577006,,,,
66922022,,,,
68444042,Yes,35.0,,
68232039,Yes,73.0,,
66264026,Yes,12.0,,
60409015,,,,
65687009,,,,
68232041,Yes,68.0,,
62617004,,,,
64282015,,,,
65984055,,,,
65043049,Yes,34.0,,
68304092,Yes,53.0,,
67289001,,,,
64281030,No,,,
65358187,No,,,
66451022,,,,
65987010,,,,
65461022,Yes,15.0,,
64295048,Yes,55.0,,
64186031,Yes,57.0,,
65474012,,,,
66451027,Yes,99.0,,
67034032,,,,
64329023,No,,,
60929014,,,,
66264007,,,,
67032043,Yes,49.0,,
64336022,,,,
65984119,Yes,93.0,,
68233037,Yes,69.0,,
64373034,Yes,44.0,,
64346024,Yes,35.0,,
66837006,,,,
67683025,,,,
60984006,,,,
64300029,No,,,
64431049,Yes,26.0,,
64300019,,,,
67579030,No,40.0,,
68402021,,,,
65882040,Yes,23.0,,
65042023,,,,
65493004,,,,
65042029,Yes,64.0,,
64336034,Yes,30.0,,
64336007,,,,
66382030,Yes,98.0,,
65984030,,,,
66382044,Yes,89.0,,
68441009,,,,
64068049,Yes,32.0,,
65461023,No,,,
67845029,Yes,57.0,,
64346032,Yes,35.0,,
68233020,,,,
67460006,,,,
64295017,,,,
67703018,,,,
67573034,Yes,80.0,,
65493006,,,,
65358011,,,,
68302049,Yes,33.0,,
64329004,,,,
66837006,,,,
68158073,No,,,
67407037,Yes,88.0,,
64297050,Yes,48.0,,
68449050,No,,,
64344001,,,,
66837006,,,,
60929022,No,,,
65211002,,,,
64338035,Yes,32.0,,
66264028,No,,,
65358184,Yes,61.0,,
67407022,,,,
68357040,Yes,53.0,,
64357091,Yes,35.0,,
64373014,,,,
64281030,No,,,
67032060,Yes,49.0,,
67703023,No,38.0,,
68097023,,,,
64295004,,,,
64298013,,,,
68444043,No,,,
68233013,,,,
68402045,No,,,
61177040,Yes,25.0,,
64186027,Yes,57.0,,
64281030,No,,,
65043038,Yes,35.0,,
64337017,,,,
64174031,Yes,55.0,,
68302018,,,,
67826041,Yes,59.0,,
68096003,,,,
64330014,,,,
68405033,Yes,79.0,,
66809011,,,,
64356030,Yes,29.0,,
67842023,,,,
65749007,,,,
66542016,,,,
65984022,,,,
64344009,Yes,29.0,,
60409041,Yes,57.0,,
67842001,,,,
68301040,Yes,53.0,,
64431058,Yes,27.0,,
66837006,,,,
65984076,Yes,93.0,,
67845016,,,,
65496020,No,,,
65294011,,,,
64356037,No,,,
64300023,No,,,
67703017,,,,
67573002,,,,
68233017,,,,
65481012,,,,
68158068,Yes,50.0,,
67289056,Yes,60.0,,
64392019,Yes,65.0,,
64281006,,,,
63066027,Yes,56.0,,
64248025,Yes,32.0,,
67683045,Yes,,,
64337046,Yes,30.0,,
64431012,,,,
66837045,Yes,80.0,,
64068050,Yes,31.0,,
64068021,,,,
64373006,,,,
65232009,,,,
64338010,,,,
64346029,Yes,35.0,,
68301022,Yes,53.0,,
66382023,,,,
64209005,,,,
67803025,,,,
67034071,Yes,60.0,,
65232017,Yes,50.0,,
67034022,,,,
65496003,,,,
65240017,,,,
64352017,,,,
68301013,,,,
64337010,,,,
67579035,No,,,
68304040,,,,
66542033,Yes,20.0,,
68304006,,,,
64297032,No,,,
68304051,Yes,53.0,,
64248038,Yes,32.0,,
64186045,Yes,57.0,,
64353012,,,,
64281012,,,,
67288010,,,,
64262014,,,,
66382014,,,,
65986011,,,,
67700022,,,,
68158028,,,,
64356031,Yes,28.0,,
64347020,No,,,
67460020,,,,
65882030,Yes,23.0,,
64357006,,,,
68158042,Yes,50.0,,
68119021,Yes,27.0,,
64361015,Yes,52.0,,
67826049,Yes,57.0,,
61177024,Yes,24.0,,
64364011,,,,
65434031,No,,,
65480010,,,,
64330009,,,,
67034031,,,,
67703006,,,,
67843023,,,,
64336036,Yes,31.0,,
64357044,,,,
66837006,,,,
68302054,Yes,33.0,,
64354013,,,,
66922041,Yes,20.0,,
68449012,,,,
68357043,Yes,53.0,,
67460050,Yes,80.0,,
68304026,,,,
68302011,,,,
65882028,Yes,23.0,,
66086034,Yes,106.0,,
60409004,,,,
64297016,,,,
67703028,No,38.0,,
65436014,,,,
68441048,Yes,86.0,,
67703032,No,38.0,,
60929021,Yes,59.0,,
64209012,,,,
67288035,No,,,
64357094,Yes,35.0,,
67032062,Yes,49.0,,
64282007,,,,
64295001,,,,
65294028,Yes,32.0,,
63066028,No,16.0,,
64358009,,,,
64283025,Yes,32.0,,
65436010,,,,
65882038,Yes,23.0,,
64067027,Yes,32.0,,
65687004,,,,
67288002,,,,
66837006,,,,
64338002,,,,
65493032,No,3.0,,
68158075,Yes,50.0,,
65476013,,,,
64431006,,,,
64338021,Yes,35.0,,
66809050,Yes,78.0,,
64345023,Yes,33.0,,
67288027,Yes,24.0,,
65434024,Yes,100.0,,
65459006,,,,
67843027,Yes,,,
64300001,,,,
64336006,,,,
68441029,Yes,85.0,,
68441050,Yes,81.0,,
68449043,Yes,28.0,,
65240002,,,,
64068036,Yes,32.0,,
67288006,,,,
64209024,,,,
64357020,,,,
66837006,,,,
66891032,Yes,89.0,,
64296002,,,,
65986001,,,,
64357060,No,,,
65240047,,,,
65358026,,,,
64357082,Yes,35.0,,
67842006,,,,
62617002,,,,
67460029,Yes,80.0,,
67288030,No,,,
65358116,Yes,61.0,,
64296048,Yes,52.0,,
67573006,,,,
65358169,No,,,
64264017,,,,
65749005,,,,
64263022,,,,
64300003,,,,
59026025,No,1.0,,
68232042,Yes,73.0,,
68402004,,,,
65497002,,,,
59026031,Yes,71.0,,
65480001,,,,
68441043,Yes,90.0,,
66264032,Yes,12.0,,
64392007,,,,
67845037,Yes,56.0,,
64338012,,,,
65358138,Yes,61.0,,
64174002,,,,
64347008,,,,
64284017,Yes,26.0,,
64329002,,,,
66837021,,,,
64263035,Yes,53.0,,
64329019,,,,
64353002,,,,
64068029,Yes,31.0,,
67700033,No,,,
64260031,Yes,53.0,,
66891018,,,,
65753039,Yes,64.0,,
60409018,,,,
67032072,Yes,50.0,,
68097079,Yes,60.0,,
67288009,,,,
65358074,,,,
67826045,,,,
64296016,,,,
66451010,,,,
68301021,,,,
65240015,,,,
64372004,,,,
65497018,No,11.0,,
66891010,,,,
64273018,Yes,33.0,,
60983014,,,,
64067049,Yes,32.0,,
64352027,Yes,30.0,,
65987001,,,,
68302050,Yes,33.0,,
68097065,Yes,60.0,,
65293009,,,,
66451012,,,,
64357052,Yes,35.0,,
64329020,,,,
67579041,Yes,80.0,,
64344007,,,,
64236017,Yes,100.0,,
67577024,,,,
64431050,Yes,27.0,,
62617021,Yes,30.0,,
66837035,Yes,74.0,,
65496005,,,,
64174007,Yes,55.0,,
64282036,Yes,35.0,,
59026017,,,,
64298004,,,,
64186046,No,,,
65988007,,,,
65984013,,,,
65294009,,,,
64364006,,,,
66837006,,,,
64329031,No,3.0,,
66451020,,,,
64281030,No,,,
64361016,Yes,52.0,,
67799048,Yes,7.0,,
68386006,,,,
65984068,Yes,93.0,,
64353020,,,,
65293022,Yes,30.0,,
64273023,Yes,33.0,,
65476009,,,,
64353022,Yes,33.0,,
64343001,,,,
65476032,No,1.0,,
66837024,,,,
64264003,,,,
66809003,,,,
68304090,Yes,53.0,,
65358012,,,,
65434021,Yes,99.0,,
67577008,,,,
67703027,No,38.0,,
65293010,,,,
65984071,Yes,93.0,,
65476045,Yes,85.0,,
65481018,Yes,58.0,,
64344005,,,,
65434018,,,,
64247007,,,,
64297035,Yes,44.0,,
68097043,Yes,60.0,,
64260033,No,43.0,,
64343040,Yes,31.0,,
64282001,,,,
64345003,,,,
64282024,Yes,35.0,,
65358174,Yes,60.0,,
67843045,No,,,
64356017,,,,
67805005,,,,
66837006,,,,
64283022,No,,,
64262019,,,,
64353006,,,,
64295024,,,,
65358137,No,,,
64281023,Yes,79.0,,
64361010,Yes,51.0,,
67579027,Yes,80.0,,
65042011,,,,
64297048,Yes,47.0,,
68449014,,,,
64361018,Yes,51.0,,
64209032,Yes,100.0,,
65240043,,,,
64298005,,,,
59026023,No,5.0,,
64354007,,,,
66382026,Yes,90.0,,
64358004,,,,
64297023,,,,
66891003,,,,
64330018,,,,
60409006,,,,
66264003,,,,
67845005,,,,
64356026,Yes,29.0,,
65436002,,,,
65882003,,,,
60409034,Yes,59.0,,
64244019,,,,
65436021,Yes,65.0,,
64300026,Yes,97.0,,
65686024,No,52.0,,
65461020,Yes,14.0,,
64298022,,,,
64392015,,,,
64244013,Yes,62.0,,
65358195,Yes,61.0,,
64283029,No,,,
65473021,Yes,32.0,,
64260022,,,,
66837023,,,,
65686026,No,3.0,,
67289063,Yes,60.0,,
66891014,,,,
64354011,,,,
68304045,,,,
65179002,,,,
64186050,No,,,
67805011,,,,
68232033,Yes,68.0,,
64392003,,,,
66382039,Yes,94.0,,
67842004,,,,
66837006,,,,
67703014,,,,
60409040,Yes,59.0,,
67579019,,,,
64297027,Yes,48.0,,
65986014,,,,
67573038,Yes,80.0,,
68096029,Yes,59.0,,
67288040,Yes,23.0,,
67032009,,,,
68402038,Yes,50.0,,
64209044,No,,,
67842009,,,,
68449031,Yes,28.0,,
64373013,,,,
64209046,Yes,99.0,,
65293006,,,,
64372021,Yes,68.0,,
68304066,Yes,53.0,,
65493042,No,56.0,,
65686033,Yes,75.0,,
64260010,,,,
65493024,,,,
65753004,,,,
64373031,Yes,43.0,,
64260021,,,,
64297005,,,,
68232035,Yes,67.0,,
64281015,,,,
66086043,Yes,103.0,,
65753007,,,,
64329011,,,,
63066016,,,,
66891033,No,,,
64330024,No,21.0,,
68302044,No,,,
67577040,No,,,
64236015,Yes,108.0,,
64361011,Yes,45.0,,
64260003,,,,
65434015,,,,
64247040,Yes,71.0,,
59026028,No,,,
64337018,,,,
65358034,,,,
67786039,Yes,38.0,,
64356029,Yes,29.0,,
67843020,,,,
64344025,No,,,
64358011,,,,
65042036,Yes,64.0,,
66922075,Yes,20.0,,
67703038,No,38.0,,
64186033,Yes,58.0,,
67842045,Yes,54.0,,
64263024,,,,
65358086,,,,
67805013,Yes,22.0,,
64338034,Yes,33.0,,
64338006,,,,
66922077,No,,,
64352004,,,,
63066019,,,,
67289034,,,,
64364010,,,,
65294039,Yes,32.0,,
67845009,,,,
67842029,Yes,48.0,,
68386041,Yes,33.0,,
65043024,,,,
64260018,,,,
60929009,,,,
67842017,,,,
67288032,Yes,24.0,,
67577009,,,,
67700006,,,,
65987042,No,,,
65358035,,,,
68304003,,,,
64273020,Yes,33.0,,
68304094,Yes,53.0,,
64244038,No,,,
67700008,,,,
64372001,,,,
64284006,,,,
65687028,Yes,75.0,,
67577045,Yes,79.0,,
65753018,,,,
64174004,,,,
65984094,Yes,93.0,,
64248006,,,,
65358131,Yes,61.0,,
68444013,,,,
65474002,,,,
64357046,,,,
65240106,Yes,27.0,,
65984006,,,,
64357050,,,,
67786013,,,,
66922038,,,,
66809045,Yes,79.0,,
64247027,Yes,76.0,,
65493045,No,35.0,,
64295028,No,,,
66086039,Yes,97.0,,
65984080,Yes,93.0,,
65476002,,,,
65459004,,,,
68302019,,,,
64263026,No,,,
65473024,No,1.0,,
65987005,,,,
65043048,Yes,36.0,,
65882018,,,,
66542037,Yes,20.0,,
64264015,,,,
68158029,,,,
66837006,,,,
64337044,Yes,29.0,,
68304054,Yes,53.0,,
64354018,,,,
64295027,Yes,58.0,,
66451014,,,,
65358191,Yes,61.0,,
64247038,Yes,80.0,,
64336008,,,,
65240109,Yes,27.0,,
65496027,Yes,60.0,,
64343025,Yes,31.0,,
68158002,,,,
64356022,Yes,28.0,,
65753006,,,,
68158020,,,,
65984062,Yes,93.0,,
64344015,,,,
64281005,,,,
64330002,,,,
67288005,,,,
64347016,Yes,72.0,,
64068048,Yes,32.0,,
66837006,,,,
65984043,,,,
67032053,Yes,50.0,,
68096007,,,,
67407008,,,,
67034005,,,,
64357062,Yes,35.0,,
64300002,,,,
65988044,Yes,53.0,,
64260027,Yes,59.0,,
65984021,,,,
64337036,Yes,30.0,,
64248037,No,12.0,,
67034009,,,,
64263006,,,,
64262009,,,,
65211010,,,,
64296003,,,,
68304048,,,,
65473027,No,1.0,,
64244024,No,,,
67799021,,,,
64282002,,,,
68441027,Yes,90.0,,
68097017,,,,
67842049,No,,,
68441004,,,,
68097024,,,,
64281030,No,,,
65459027,Yes,51.0,,
68097053,Yes,60.0,,
63066044,No,39.0,,
67799046,Yes,7.0,,
64282030,Yes,34.0,,
68405001,,,,
68301026,Yes,53.0,,
65042026,Yes,64.0,,
65358056,,,,
65984081,Yes,93.0,,
67700028,Yes,46.0,,
67826026,,,,
65358031,,,,
66542038,Yes,20.0,,
68302015,,,,
68444032,Yes,36.0,,
64297004,,,,
68444039,No,,,
64186024,,,,
64353018,,,,
66451011,,,,
65358145,Yes,61.0,,
65474027,No,,,
65882017,,,,
67845004,,,,
64209036,No,,,
67579001,,,,
68158080,No,,,
64282019,,,,
65042035,Yes,64.0,,
65293004,,,,
64336039,No,,,
64209022,,,,
67683048,Yes,,,
64352025,No,,,
64354034,Yes,31.0,,
67288038,Yes,24.0,,
67703035,No,38.0,,
68097002,,,,
64431043,Yes,26.0,,
66837006,,,,
68097013,,,,
65211020,Yes,25.0,,
67842011,,,,
68158044,Yes,50.0,,
68158072,Yes,50.0,,
64300036,Yes,97.0,,
64273029,No,,,
64357031,,,,
65232024,Yes,50.0,,
60984007,,,,
67799015,,,,
64338039,Yes,35.0,,
65179009,,,,
68097077,Yes,60.0,,
64352024,Yes,26.0,,
64260002,,,,
64260040,Yes,54.0,,
68386037,Yes,35.0,,
64346040,Yes,35.0,,
65240026,,,,
67843044,Yes,,,
64174041,No,,,
59026018,,,,
67700007,,,,
67032054,Yes,48.0,,
68386021,,,,
66837006,,,,
64329039,Yes,31.0,,
64337019,,,,
65232003,,,,
64352033,No,,,
65984034,,,,
63066007,,,,
67460048,No,,,
67407045,Yes,88.0,,
64329022,Yes,28.0,,
65240008,,,,
65358167,Yes,61.0,,
64353039,Yes,33.0,,
67460021,,,,
68449005,,,,
65497014,,,,
64336012,,,,
64264026,Yes,68.0,,
65179003,,,,
68357029,No,,,
64248021,Yes,32.0,,
65358111,Yes,61.0,,
64244026,Yes,79.0,,
65240116,Yes,27.0,,
65358078,,,,
67573012,,,,
67799003,,,,
67786008,,,,
64174027,No,,,
68386036,No,1.0,,
67786032,Yes,33.0,,
64281028,Yes,80.0,,
68441002,,,,
61177038,Yes,21.0,,
64264027,Yes,74.0,,
68097056,Yes,60.0,,
67843006,,,,
64431051,Yes,26.0,,
65882037,Yes,23.0,,
60409048,Yes,59.0,,
65043043,Yes,34.0,,
67700020,,,,
65358172,Yes,60.0,,
65358037,,,,
65496017,Yes,60.0,,
67786030,Yes,38.0,,
64353001,,,,
66542021,Yes,20.0,,
64263020,,,,
68304100,Yes,53.0,,
63066033,No,13.0,,
65481028,Yes,59.0,,
60984009,,,,
64067032,Yes,32.0,,
67799032,Yes,7.0,,
59026029,No,,,
65883022,Yes,29.0,,
64283018,,,,
66922069,Yes,20.0,,
65481001,,,,
64282035,Yes,34.0,,
68304064,Yes,53.0,,
68301018,,,,
63066047,Yes,59.0,,
65294019,,,,
64392020,No,,,
59026004,,,,
64347022,No,,,
64282020,,,,
65686025,Yes,74.0,,
65988043,Yes,53.0,,
64264036,No,,,
65753016,,,,
66922021,,,,
67032015,,,,
64068034,Yes,32.0,,
64344036,Yes,27.0,,
60929025,No,,,
65984078,Yes,93.0,,
64295018,,,,
65984089,Yes,93.0,,
67407019,,,,
60983003,,,,
67032066,No,,,
61177022,Yes,24.0,,
68449034,Yes,28.0,,
67573017,,,,
65986015,,,,
67032024,,,,
64298046,Yes,96.0,,
64330038,Yes,28.0,,
64357033,,,,
66922023,,,,
65481017,Yes,55.0,,
65496006,,,,
65434034,Yes,100.0,,
65293023,Yes,30.0,,
66086023,,,,
64353007,,,,
68304034,,,,
64260020,,,,
67034078,Yes,58.0,,
67288022,Yes,24.0,,
60983029,Yes,59.0,,
64067039,Yes,32.0,,
64336027,Yes,31.0,,
67579006,,,,
65988036,Yes,53.0,,
64344020,,,,
67573043,No,,,
64174014,Yes,54.0,,
67843015,,,,
64284024,Yes,26.0,,
67700011,,,,
67786007,,,,
65986006,,,,
64281037,Yes,78.0,,
65240070,Yes,26.0,,
65749015,,,,
67786037,Yes,38.0,,
65497012,,,,
65358171,Yes,61.0,,
65749031,Yes,122.0,,
64373035,Yes,45.0,,
65984104,Yes,93.0,,
67577020,,,,
65988027,Yes,53.0,,
67573008,,,,
67683015,,,,
65984105,Yes,93.0,,
65293038,No,28.0,,
65240120,Yes,27.0,,
61177032,Yes,25.0,,
67683029,Yes,31.0,,
64248012,,,,
64353027,Yes,31.0,,
67803003,,,,
65987013,,,,
67786018,,,,
67842015,,,,
64295023,,,,
60929024,Yes,58.0,,
67289024,,,,
64356016,,,,
64364017,No,,,
64353034,Yes,31.0,,
65687010,,,,
64337037,Yes,29.0,,
64209039,Yes,90.0,,
64273013,,,,
64373011,,,,
65434013,,,,
64186009,,,,
67842046,Yes,54.0,,
64300021,No,,,
67799042,No,3.0,,
64357053,No,,,
67845013,,,,
65882010,,,,
64338013,,,,
66303020,Yes,29.0,,
64373039,Yes,42.0,,
64343015,,,,
60929019,Yes,58.0,,
68304016,,,,
67407004,,,,
65294014,,,,
67845033,Yes,57.0,,
68158071,Yes,50.0,,
67700048,Yes,48.0,,
68301011,,,,
64392013,,,,
64344037,,,,
66542040,Yes,19.0,,
68232040,Yes,73.0,,
64284012,,,,
68232029,Yes,71.0,,
64281018,,,,
65240003,,,,
65358057,,,,
68301019,,,,
65493012,,,,
59026037,No,46.0,,
64067021,,,,
67703007,,,,
67803026,Yes,80.0,,
68402047,Yes,50.0,,
68405029,No,36.0,,
68357033,Yes,53.0,,
64431032,No,,,
67289062,Yes,60.0,,
68097045,Yes,60.0,,
60983012,,,,
62617010,,,,
64283030,Yes,34.0,,
64330001,,,,
67700046,Yes,46.0,,
64067007,,,,
66922031,,,,
65358090,,,,
63066048,Yes,59.0,,
64373026,Yes,45.0,,
68158016,,,,
60984015,Yes,,,
67032021,,,,
68158024,,,,
66451034,Yes,99.0,,
66809033,Yes,76.0,,
67842010,,,,
64356010,,,,
66837006,,,,
65984038,,,,
64358030,No,,,
67803008,,,,
65211033,Yes,25.0,,
66922050,Yes,20.0,,
66837006,,,,
67034042,Yes,60.0,,
68449021,,,,
64247032,Yes,81.0,,
65883033,Yes,30.0,,
64262005,,,,
65459012,,,,
68119014,,,,
67460033,Yes,80.0,,
64356008,,,,
61177020,,,,
67577030,Yes,79.0,,
64373018,,,,
65042014,,,,
65473003,,,,
64174010,,,,
68097046,Yes,60.0,,
65883030,Yes,30.0,,
68232045,Yes,73.0,,
67786021,,,,
63066039,Yes,59.0,,
64209006,,,,
64345007,,,,
68402043,No,3.0,,
66922024,,,,
64260034,Yes,53.0,,
65476047,Yes,85.0,,
64284018,Yes,25.0,,
65481006,,,,
65042045,Yes,60.0,,
64343032,Yes,32.0,,
65481027,Yes,60.0,,
67683007,,,,
61177025,Yes,25.0,,
65988004,,,,
68444012,,,,
65459019,No,37.0,,
68158054,No,,,
67843010,,,,
66837006,,,,
64236019,Yes,109.0,,
67032013,,,,
66809043,Yes,75.0,,
68304089,Yes,53.0,,
68302036,Yes,33.0,,
64431046,No,,,
64264002,,,,
67460032,No,15.0,,
64262021,,,,
60409045,Yes,58.0,,
61177002,,,,
66922019,,,,
64281027,No,22.0,,
64358023,Yes,91.0,,
65434008,,,,
68097078,No,,,
68357046,Yes,53.0,,
66086030,No,53.0,,
67460012,,,,
65436028,No,1.0,,
67700040,Yes,48.0,,
66809024,,,,
65358128,Yes,61.0,,
67460007,,,,
64357010,,,,
67032012,,,,
67803006,,,,
65474017,Yes,56.0,,
68402046,Yes,49.0,,
67843035,Yes,,,
64336003,,,,
66837006,,,,
66382047,Yes,93.0,,
64345014,Yes,35.0,,
64273014,,,,
66451017,,,,
64431022,,,,
67842040,Yes,52.0,,
68402040,Yes,49.0,,
67842014,,,,
67032070,Yes,50.0,,
64281001,,,,
64361026,,,,
64247024,Yes,74.0,,
64330005,,,,
68301034,Yes,53.0,,
64353005,,,,
68302042,No,,,
64283038,No,,,
68097001,,,,
60984012,,,,
64373020,,,,
68158046,Yes,50.0,,
66891050,Yes,94.0,,
68449026,Yes,28.0,,
65473001,,,,
68158021,,,,
64244002,,,,
68402013,,,,
65473014,,,,
67289020,,,,
60929010,,,,
64338009,,,,
67289031,,,,
64431059,Yes,27.0,,
67407017,,,,
67289033,,,,
64358010,,,,
64282040,Yes,33.0,,
64296033,Yes,56.0,,
64344021,,,,
67034002,,,,
65986013,,,,
66891005,,,,
61177010,,,,
65687015,,,,
65986031,Yes,53.0,,
65984035,,,,
64174008,Yes,56.0,,
67786038,Yes,37.0,,
68302024,,,,
64357069,Yes,35.0,,
66086046,Yes,112.0,,
65984048,,,,
65179011,,,,
64346013,,,,
68097034,,,,
64067020,,,,
61177035,Yes,25.0,,
65480027,No,28.0,,
64284021,Yes,25.0,,
64357084,Yes,35.0,,
67032077,Yes,48.0,,
67289047,Yes,60.0,,
64244011,Yes,67.0,,
65481016,Yes,60.0,,
64186025,,,,
68301024,Yes,53.0,,
61177003,,,,
64338023,Yes,32.0,,
64431017,,,,
64373007,,,,
66303011,,,,
66891022,,,,
65987025,Yes,53.0,,
65240005,,,,
65358052,,,,
64330039,Yes,25.0,,
68304044,,,,
65883005,,,,
67288039,Yes,24.0,,
64329034,Yes,31.0,,
64358016,,,,
65211024,Yes,25.0,,
65358029,,,,
65358054,,,,
65988031,Yes,53.0,,
65240097,Yes,27.0,,
64300020,,,,
67703030,No,38.0,,
65358139,Yes,61.0,,
68357027,Yes,53.0,,
66809006,,,,
64281030,No,,,
63066018,,,,
65753044,Yes,66.0,,
65984063,Yes,93.0,,
68441041,No,27.0,,
68233011,,,,
67799029,No,6.0,,
66303009,,,,
68444021,,,,
66837006,,,,
64263038,Yes,53.0,,
66837006,,,,
64295037,Yes,59.0,,
67683033,Yes,27.0,,
62617005,,,,
65459029,Yes,52.0,,
67803002,,,,
68304023,,,,
67573029,No,,,
65883024,Yes,29.0,,
64260023,,,,
60929023,No,19.0,,
65461012,,,,
66542023,Yes,20.0,,
60409010,,,,
65358197,Yes,61.0,,
68357004,,,,
67703026,No,38.0,,
64337008,,,,
64347005,,,,
65293021,Yes,28.0,,
65474009,,,,
64244037,No,,,
67032011,,,,
67805016,Yes,21.0,,
65293039,Yes,30.0,,
64300031,Yes,97.0,,
60409016,,,,
64281040,Yes,78.0,,
66382043,Yes,83.0,,
65293027,Yes,29.0,,
60983002,,,,
64068006,,,,
64209001,,,,
64357017,,,,
65294029,Yes,33.0,,
64431018,,,,
68449023,,,,
64273017,Yes,33.0,,
68444046,Yes,37.0,,
64431016,,,,
67579012,,,,
65986005,,,,
67289014,,,,
66837043,Yes,80.0,,
66303022,Yes,30.0,,
64297001,,,,
64337031,Yes,28.0,,
60983020,Yes,55.0,,
65753030,Yes,65.0,,
66837015,,,,
60409007,,,,
65749011,,,,
64244034,No,,,
64281022,Yes,80.0,,
65042010,,,,
65481011,,,,
64295035,Yes,58.0,,
68441014,,,,
65686005,,,,
66922074,Yes,19.0,,
64336035,No,,,
68232037,No,,,
67034056,Yes,57.0,,
66837032,Yes,80.0,,
65043041,Yes,26.0,,
65883009,,,,
64281009,,,,
65687022,Yes,75.0,,
62617016,Yes,30.0,,
65358017,,,,
68386025,,,,
65984026,,,,
59026008,,,,
65043017,,,,
68304095,No,,,
65987027,No,47.0,,
67803048,Yes,85.0,,
68302061,Yes,33.0,,
67573024,,,,
66891043,Yes,92.0,,
64284016,Yes,26.0,,
65686036,Yes,73.0,,
64186023,,,,
65984087,Yes,93.0,,
68304049,,,,
65240102,Yes,26.0,,
67799002,,,,
67032010,,,,
67577013,,,,
65294003,,,,
64068025,,,,
67407003,,,,
65687011,,,,
65358163,Yes,56.0,,
64343031,Yes,31.0,,
64283032,Yes,33.0,,
64338022,Yes,32.0,,
68405008,,,,
64372007,,,,
65043042,Yes,36.0,,
65988033,Yes,53.0,,
67799001,,,,
65211021,Yes,25.0,,
64354024,No,16.0,,
66542013,,,,
64248033,Yes,32.0,,
64273021,Yes,33.0,,
68158010,,,,
67786015,,,,
64186001,,,,
65749027,No,31.0,,
66303028,Yes,29.0,,
64281014,,,,
65988034,Yes,52.0,,
67573001,,,,
65436005,,,,
67032040,,,,
64343008,,,,
67407020,,,,
64431019,,,,
67799011,,,,
67034064,Yes,56.0,,
67843017,,,,
64282021,No,1.0,,
64357037,,,,
65473009,,,,
65493025,,,,
65240100,Yes,25.0,,
66891024,,,,
65496028,Yes,60.0,,
67289069,Yes,60.0,,
67032057,Yes,49.0,,
66837006,,,,
64260008,,,,
64186038,No,27.0,,
68301037,Yes,53.0,,
64329017,,,,
68444026,Yes,33.0,,
66891013,,,,
64209037,Yes,95.0,,
65434035,Yes,100.0,,
68233004,,,,
68302028,,,,
67407042,Yes,88.0,,
66809008,,,,
65358181,Yes,61.0,,
68158052,Yes,49.0,,
60409042,Yes,58.0,,
65882029,Yes,23.0,,
59026032,No,,,
64344024,No,,,
67845034,Yes,57.0,,
65358151,Yes,61.0,,
66837006,,,,
65984029,,,,
64262033,No,,,
68097018,,,,
68096018,,,,
66837006,,,,
67032080,Yes,50.0,,
68405014,,,,
65988006,,,,
66891037,Yes,93.0,,
67032025,,,,
68158015,,,,
67289041,Yes,60.0,,
67842020,,,,
64354009,,,,
65984113,No,,,
67573040,No,,,
65986009,,,,
64297029,Yes,44.0,,
67289046,Yes,60.0,,
64337001,,,,
65984014,,,,
67288025,Yes,24.0,,
64330040,Yes,28.0,,
65987023,Yes,53.0,,
65240027,,,,
65686031,Yes,75.0,,
68405002,,,,
68357038,Yes,53.0,,
64068011,,,,
64273008,,,,
66451045,No,,,
66837031,Yes,80.0,,
64343018,,,,
68232013,,,,
68301033,Yes,53.0,,
68357018,,,,
65240034,,,,
65687003,,,,
60983024,Yes,59.0,,
67842043,Yes,54.0,,
64337030,No,,,
68097007,,,,
65984031,,,,
64295046,Yes,60.0,,
65358132,Yes,61.0,,
66922040,,,,
67032044,Yes,50.0,,
65473002,,,,
65986032,Yes,53.0,,
65986033,Yes,53.0,,
67573027,No,8.0,,
64282009,,,,
65988009,,,,
59026026,Yes,72.0,,
65294018,,,,
60409049,No,,,
66837003,,,,
65042002,,,,
64338025,Yes,35.0,,
68402019,,,,
68304028,,,,
64067031,Yes,32.0,,
65984103,Yes,93.0,,
65358085,,,,
66837006,,,,
68158061,No,,,
64282006,,,,
64283023,Yes,33.0,,
67786035,Yes,35.0,,
64209025,,,,
67786014,,,,
64281030,No,,,
65984054,,,,
68402023,,,,
60929003,,,,
65984042,,,,
65042008,,,,
65480014,,,,
66451002,,,,
64296041,No,34.0,,
64283019,,,,
65749033,No,1.0,,
64297028,Yes,48.0,,
64358028,No,,,
64067019,,,,
67289060,Yes,60.0,,
65753033,Yes,65.0,,
64247019,,,,
67700013,,,,
64247023,Yes,80.0,,
67700009,,,,
65358001,,,,
68232019,,,,
64263033,Yes,53.0,,
68444008,,,,
67577011,,,,
68097009,,,,
65358038,,,,
68097055,No,,,
65240016,,,,
68386039,Yes,34.0,,
64337035,Yes,30.0,,
60409029,No,2.0,,
66837006,,,,
67577002,,,,
66837006,,,,
66837006,,,,
65293026,Yes,30.0,,
65240052,,,,
64295043,Yes,60.0,,
64336030,Yes,31.0,,
66451009,,,,
68302056,No,,,
67683028,Yes,31.0,,
67034040,,,,
65358133,No,,,
68304025,,,,
64356024,Yes,29.0,,
66837006,,,,
64353033,Yes,33.0,,
68097042,Yes,58.0,,
64336014,,,,
65480023,No,44.0,,
65358180,Yes,61.0,,
67577050,Yes,79.0,,
65358161,Yes,61.0,,
65461001,,,,
64431011,,,,
65240091,Yes,27.0,,
64346009,,,,
65481010,,,,
65461025,Yes,15.0,,
65434016,,,,
68386013,,,,
68301009,,,,
64354040,Yes,30.0,,
64338003,,,,
64282022,No,,,
68233012,Yes,71.0,,
64357072,No,,,
64295012,,,,
65988016,,,,
65042038,No,,,
65240065,Yes,27.0,,
65043003,,,,
68302003,,,,
64357008,,,,
65358049,,,,
65434002,,,,
66837018,,,,
64236007,No,36.0,,
64296043,Yes,56.0,,
66542009,,,,
59026010,,,,
67579022,,,,
64186028,Yes,57.0,,
64344034,No,,,
67032033,,,,
68158078,Yes,50.0,,
60983001,,,,
67407047,Yes,85.0,,
65240007,,,,
66837009,,,,
68119009,,,,
67826002,,,,
65473029,No,10.0,,
66922061,Yes,20.0,,
67032048,Yes,50.0,,
65240072,Yes,27.0,,
65459011,,,,
67460019,,,,
65358112,Yes,61.0,,
66542036,Yes,19.0,,
64263011,,,,
64262013,,,,
64244008,Yes,67.0,,
64329027,Yes,31.0,,
67799038,No,1.0,,
65293008,,,,
68357026,Yes,53.0,,
65987018,,,,
68402035,Yes,50.0,,
64361003,,,,
64186043,No,,,
67407006,,,,
64248026,No,,,
65984044,,,,
64262032,Yes,58.0,,
66086032,Yes,106.0,,
64262038,Yes,58.0,,
65984074,Yes,93.0,,
66922010,,,,
64358007,,,,
64431025,,,,
64354017,,,,
65476008,,,,
68441031,No,,,
65984009,,,,
68444036,Yes,36.0,,
64329001,,,,
64281030,No,,,
64364022,No,,,
65240030,,,,
64186014,,,,
67034062,Yes,57.0,,
67288011,,,,
65988024,Yes,53.0,,
66303007,,,,
64281020,,,,
68357036,Yes,53.0,,
64263001,,,,
64357099,Yes,35.0,,
65358104,No,,,
66086029,No,26.0,,
68386001,,,,
61177018,,,,
65984010,,,,
68402044,Yes,49.0,,
59026019,,,,
64357001,,,,
68441046,Yes,90.0,,
65042047,Yes,64.0,,
64174006,,,,
68097057,No,,,
64357047,,,,
64295049,Yes,60.0,,
65686009,,,,
67700025,,,,
66086040,Yes,50.0,,
68301038,Yes,53.0,,
64337016,,,,
68357024,,,,
65882012,,,,
67034057,Yes,59.0,,
68232036,Yes,71.0,,
65043014,,,,
64174036,No,,,
64244030,No,,,
68302033,,,,
64295030,Yes,58.0,,
64337024,,,,
64330017,,,,
65043019,,,,
64297017,,,,
65358097,,,,
65984028,,,,
64338031,Yes,35.0,,
64356027,Yes,29.0,,
68302062,Yes,33.0,,
65686014,,,,
64295019,,,,
64356032,No,5.0,,
64354015,,,,
65240096,Yes,27.0,,
64344018,,,,
65986023,Yes,53.0,,
68097028,,,,
67700043,Yes,47.0,,
64067045,Yes,32.0,,
64248034,Yes,32.0,,
67289058,Yes,60.0,,
68302025,,,,
64067024,,,,
68301012,,,,
65358004,,,,
65294004,,,,
65987038,Yes,53.0,,
67786017,,,,
66542002,,,,
65459015,,,,
65687037,Yes,74.0,,
64263032,Yes,53.0,,
68449028,Yes,28.0,,
67683018,,,,
64236010,No,52.0,,
64330006,,,,
64300032,Yes,97.0,,
66542039,No,,,
68097003,,,,
64273024,Yes,33.0,,
67786005,,,,
64209019,,,,
67579046,Yes,80.0,,
68449001,,,,
67842027,Yes,54.0,,
66837006,,,,
65240040,,,,
64344040,Yes,31.0,,
65984114,Yes,93.0,,
64068010,,,,
67826016,,,,
64068045,Yes,32.0,,
65042017,,,,
64330025,Yes,27.0,,
66264005,,,,
66922070,Yes,20.0,,
68402007,,,,
68158057,Yes,50.0,,
65179029,Yes,49.0,,
65179004,,,,
66837012,,,,
68302030,,,,
67700038,No,5.0,,
64354023,No,,,
64373015,,,,
68441033,Yes,84.0,,
65883031,Yes,29.0,,
64346001,,,,
67786046,Yes,38.0,,
65042028,Yes,64.0,,
65686038,No,,,
64281021,No,,,
64281030,No,,,
68096032,No,,,
68441007,,,,
64344003,,,,
64174012,Yes,53.0,,
64357051,Yes,35.0,,
61177006,,,,
65476020,,,,
64329032,Yes,31.0,,
66542014,,,,
67845023,,,,
64262002,,,,
64338011,,,,
64174043,Yes,51.0,,
64247014,,,,
64068004,,,,
64329033,Yes,31.0,,
63066022,,,,
64357056,Yes,35.0,,
68441005,,,,
65984051,,,,
67842031,No,2.0,,
64262018,,,,
64296039,Yes,52.0,,
65240050,,,,
67288036,No,,,
60409051,Yes,58.0,,
65473007,,,,
65459002,,,,
64260029,Yes,57.0,,
60983016,No,,,
61177007,,,,
68441035,Yes,88.0,,
64346018,,,,
68304057,Yes,53.0,,
61177028,Yes,24.0,,
64236011,No,34.0,,
60409033,Yes,57.0,,
64068023,,,,
65496009,,,,
67573023,,,,
67805021,No,,,
64354032,No,,,
65984116,Yes,93.0,,
64298001,,,,
68302002,,,,
65984002,,,,
65358160,Yes,59.0,,
64352003,,,,
64295031,Yes,54.0,,
67034020,,,,
65474021,Yes,58.0,,
64347023,No,,,
66922026,,,,
65232010,,,,
64357048,,,,
68232024,,,,
65987011,,,,
64296027,No,,,
64260037,Yes,59.0,,
67579040,Yes,79.0,,
64336042,Yes,31.0,,
67289003,,,,
64281030,No,,,
67573010,,,,
67289049,No,,,
64343033,Yes,28.0,,
68357017,,,,
68357001,,,,
65358087,,,,
67034025,,,,
66837006,,,,
64356036,Yes,30.0,,
68304080,Yes,53.0,,
63066013,,,,
67799036,Yes,7.0,,
67700018,,,,
68301004,,,,
64282039,Yes,31.0,,
64068039,Yes,31.0,,
64260035,No,,,
64209028,Yes,93.0,,
64283037,Yes,35.0,,
67700003,,,,
63066024,,,,
67786047,Yes,37.0,,
64247033,No,20.0,,
67460022,,,,
67289026,,,,
66837008,,,,
68449041,Yes,28.0,,
65988025,Yes,53.0,,
64344031,Yes,28.0,,
64364013,No,38.0,,
64067008,,,,
64336031,Yes,31.0,,
64300027,Yes,97.0,,
68232031,Yes,63.0,,
66891026,No,,,
68158064,Yes,50.0,,
68232018,,,,
68304001,,,,
60409003,,,,
65358064,,,,
64392008,,,,
68096012,,,,
64295008,,,,
64296029,Yes,54.0,,
65043025,,,,
64361017,Yes,52.0,,
66922034,,,,
68233001,Yes,67.0,,
68449045,Yes,28.0,,
64346038,No,,,
68232046,No,,,
67034001,,,,
68119033,Yes,27.0,,
63066020,,,,
64337003,,,,
67288013,,,,
68304012,,,,
66837006,,,,
68304068,Yes,53.0,,
64174029,No,,,
67700019,,,,
65293020,,,,
67407038,No,,,
66451038,Yes,98.0,,
65497003,,,,
64352005,,,,
66922064,Yes,20.0,,
66837006,,,,
65496008,,,,
67573042,Yes,80.0,,
67700015,,,,
67288026,No,,,
67683043,Yes,,,
64174037,Yes,53.0,,
65211026,Yes,23.0,,
64392030,No,2.0,,
65686021,Yes,75.0,,
64260032,Yes,51.0,,
67845042,Yes,57.0,,
67032008,,,,
65753023,,,,
66451018,,,,
65474011,,,,
67579042,Yes,80.0,,
64209003,,,,
64329015,,,,
65496023,Yes,58.0,,
64346031,Yes,32.0,,
65358105,Yes,61.0,,
65474007,,,,
65883008,,,,
59026036,No,9.0,,
64352006,,,,
66922062,Yes,20.0,,
68119026,Yes,27.0,,
68449020,,,,
67288004,,,,
63066045,No,,,
64357055,Yes,34.0,,
68441049,Yes,84.0,,
64343022,Yes,32.0,,
65476029,Yes,98.0,,
67034036,,,,
66382025,,,,
64343023,Yes,29.0,,
67845003,,,,
66891041,Yes,84.0,,
66837006,,,,
65436009,,,,
66542024,Yes,20.0,,
62617013,,,,
67842028,No,,,
68405018,,,,
64346020,,,,
64352002,,,,
65179006,,,,
65476011,,,,
64352020,,,,
67579050,No,,,
67703031,No,38.0,,
67845031,Yes,57.0,,
64248039,Yes,32.0,,
65240042,,,,
64262007,,,,
64263009,,,,
